,CONGLOME,VIVIENDA,ID,P209,P210_PSOC_01
0,8330,106,7.0,,
1,8330,106,7.0,3.0,8.0
2,8330,106,7.0,3.0,8.0
3,8330,106,7.0,3.0,8.0
4,8330,106,7.0,3.0,8.0
5,8330,106,7.0,3.0,3.0
6,8330,106,7.0,3.0,8.0
7,8330,106,7.0,,
8,8330,106,7.0,,
9,8793,47,5.0,6.0,8.0
10,8793,47,5.0,6.0,8.0
11,8793,47,5.0,6.0,3.0
12,8793,47,5.0,3.0,3.0
13,8793,47,5.0,3.0,8.0
14,9650,55,99.0,3.0,8.0
15,9650,55,99.0,3.0,8.0
16,9650,55,99.0,3.0,8.0
17,9650,55,99.0,3.0,8.0
18,9650,55,99.0,3.0,8.0
19,8729,65,4.0,3.0,8.0
20,8729,65,4.0,3.0,8.0
21,8729,65,4.0,3.0,8.0
22,8729,65,4.0,3.0,8.0
23,8729,65,4.0,,
24,8729,67,6.0,3.0,8.0
25,8729,67,6.0,3.0,8.0
26,8729,67,6.0,,
27,8729,67,6.0,3.0,8.0
28,8729,67,6.0,3.0,8.0
29,8729,67,6.0,3.0,8.0
30,6266,86,4.0,3.0,8.0
31,6266,86,4.0,3.0,8.0
32,6266,86,4.0,3.0,3.0
33,6266,86,4.0,3.0,1.0
34,7446,127,99.0,3.0,8.0
35,7446,127,99.0,3.0,8.0
36,7446,127,99.0,3.0,8.0
37,7446,127,99.0,3.0,3.0
38,7446,127,99.0,3.0,8.0
39,7446,127,99.0,3.0,8.0
40,7446,127,99.0,3.0,2.0
41,7446,127,99.0,3.0,2.0
42,7446,127,99.0,3.0,2.0
43,7446,127,8.0,3.0,8.0
44,7446,127,8.0,3.0,8.0
45,7446,127,8.0,3.0,8.0
46,7446,127,8.0,3.0,3.0
47,7446,127,8.0,3.0,8.0
48,7446,127,8.0,3.0,8.0
49,7446,127,8.0,3.0,2.0
50,7446,127,8.0,3.0,2.0
51,7446,127,8.0,3.0,2.0
52,5074,160,99.0,3.0,8.0
53,5074,160,99.0,3.0,8.0
54,5074,160,99.0,3.0,3.0
55,5074,160,99.0,3.0,3.0
56,5074,160,99.0,3.0,3.0
57,5074,160,99.0,6.0,8.0
58,5074,160,99.0,6.0,8.0
59,5074,160,6.0,3.0,8.0
60,5074,160,6.0,3.0,8.0
61,5074,160,6.0,3.0,3.0
62,5074,160,6.0,3.0,3.0
63,5074,160,6.0,3.0,3.0
64,5074,160,6.0,6.0,8.0
65,5074,160,6.0,6.0,8.0
66,5074,80,99.0,3.0,8.0
67,5074,80,99.0,3.0,8.0
68,5074,80,99.0,3.0,3.0
69,5074,80,99.0,3.0,3.0
70,5074,80,99.0,3.0,3.0
71,5074,80,99.0,3.0,4.0
72,5984,14,4.0,3.0,8.0
73,5984,14,4.0,3.0,8.0
74,5984,14,4.0,3.0,4.0
75,5984,14,4.0,3.0,2.0
76,5984,14,4.0,,
77,5984,14,4.0,3.0,8.0
78,7246,60,4.0,6.0,8.0
79,7246,60,4.0,6.0,8.0
80,7246,60,4.0,6.0,3.0
81,7246,60,4.0,6.0,8.0
82,7246,60,4.0,,
83,7246,60,4.0,6.0,5.0
84,7246,25,3.0,6.0,8.0
85,7246,25,3.0,3.0,8.0
86,7246,25,3.0,3.0,4.0
87,9249,39,7.0,,
88,9249,39,7.0,,
89,9249,39,7.0,3.0,8.0
90,9249,39,7.0,3.0,8.0
91,9249,39,7.0,,
92,9249,39,7.0,,
93,9249,39,7.0,3.0,8.0
94,9249,39,7.0,,
95,9249,39,7.0,,
96,5241,106,4.0,3.0,8.0
97,5241,106,4.0,3.0,8.0
98,5241,106,4.0,3.0,4.0
99,5241,106,4.0,3.0,4.0
100,5230,11,4.0,6.0,8.0
101,5230,11,4.0,6.0,8.0
102,5230,11,4.0,6.0,3.0
103,5230,11,4.0,6.0,8.0
104,5013,37,9.0,3.0,8.0
105,5013,37,9.0,3.0,8.0
106,5013,37,9.0,,
107,5013,37,9.0,,
108,5013,37,9.0,,
109,5013,37,9.0,,
110,5013,37,9.0,3.0,8.0
111,5013,37,9.0,3.0,3.0
112,5013,37,9.0,3.0,8.0
113,5013,37,9.0,6.0,8.0
114,5013,37,9.0,3.0,8.0
115,5013,37,9.0,6.0,8.0
116,5013,37,9.0,3.0,3.0
117,5013,37,9.0,3.0,3.0
118,5013,37,9.0,3.0,3.0
119,5013,139,6.0,1.0,8.0
120,5013,139,6.0,1.0,8.0
121,5013,139,6.0,6.0,8.0
122,5013,139,6.0,3.0,8.0
123,5013,139,6.0,6.0,8.0
124,5013,139,6.0,3.0,8.0
125,9756,3,8.0,3.0,8.0
126,9756,3,8.0,3.0,8.0
127,9756,3,8.0,,
128,9756,3,8.0,,
129,9756,3,8.0,3.0,3.0
130,9756,3,8.0,3.0,3.0
131,9756,3,8.0,3.0,8.0
132,9756,3,8.0,3.0,8.0
133,9756,3,8.0,,
134,9756,3,8.0,,
135,6584,57,6.0,3.0,8.0
136,6584,57,6.0,,
137,6584,57,6.0,3.0,8.0
138,6584,57,6.0,3.0,8.0
139,6584,57,6.0,3.0,8.0
140,6584,57,6.0,3.0,2.0
141,6584,57,6.0,3.0,3.0
142,6584,57,6.0,7.0,8.0
143,6298,42,5.0,3.0,8.0
144,6298,42,5.0,3.0,2.0
145,6298,42,5.0,3.0,3.0
146,6298,42,5.0,3.0,3.0
147,6298,42,5.0,3.0,2.0
148,6298,107,3.0,6.0,8.0
149,6298,107,3.0,6.0,8.0
150,6298,107,3.0,6.0,8.0
151,7302,23,5.0,1.0,8.0
152,7302,23,5.0,1.0,8.0
153,7302,23,5.0,1.0,8.0
154,7302,23,5.0,1.0,8.0
155,7302,23,5.0,1.0,8.0
156,8307,39,99.0,6.0,8.0
157,8307,39,99.0,6.0,8.0
158,8307,39,99.0,3.0,3.0
159,8307,39,99.0,3.0,3.0
160,8307,39,99.0,3.0,3.0
161,8307,39,99.0,3.0,2.0
162,8307,39,99.0,,
163,8307,39,99.0,3.0,2.0
164,8307,39,6.0,6.0,8.0
165,8307,39,6.0,6.0,8.0
166,8307,39,6.0,3.0,3.0
167,8307,39,6.0,3.0,3.0
168,8307,39,6.0,3.0,3.0
169,8307,39,6.0,3.0,2.0
170,8307,39,6.0,,
171,8307,39,6.0,3.0,2.0
172,8307,114,7.0,1.0,8.0
173,8307,114,7.0,6.0,8.0
174,8307,114,7.0,3.0,3.0
175,8307,114,7.0,6.0,3.0
176,8307,114,7.0,6.0,3.0
177,8307,114,7.0,,
178,8307,114,7.0,3.0,2.0
179,5286,103,5.0,3.0,8.0
180,5286,103,5.0,3.0,8.0
181,5286,103,5.0,6.0,8.0
182,5286,103,5.0,3.0,8.0
183,5286,103,5.0,3.0,2.0
184,5298,79,4.0,3.0,8.0
185,5298,79,4.0,3.0,8.0
186,5298,79,4.0,3.0,4.0
187,5298,79,4.0,3.0,4.0
188,7541,23,3.0,1.0,8.0
189,7541,23,3.0,6.0,8.0
190,7541,23,3.0,1.0,8.0
191,7541,23,3.0,6.0,8.0
192,7541,23,3.0,6.0,8.0
193,7541,123,99.0,3.0,8.0
194,7541,123,99.0,3.0,8.0
195,7541,123,99.0,6.0,8.0
196,7541,123,99.0,3.0,2.0
197,7541,123,99.0,3.0,2.0
198,7541,123,99.0,3.0,8.0
199,5785,244,4.0,3.0,4.0
200,5785,244,4.0,3.0,8.0
201,5785,244,4.0,3.0,2.0
202,5785,244,4.0,3.0,2.0
203,5785,250,6.0,3.0,8.0
204,5785,250,6.0,3.0,4.0
205,5785,250,6.0,3.0,3.0
206,5785,250,6.0,3.0,3.0
207,5785,250,6.0,3.0,2.0
208,5785,250,6.0,3.0,2.0
209,7108,101,5.0,1.0,8.0
210,7108,101,5.0,1.0,8.0
211,7108,101,5.0,6.0,8.0
212,7108,101,5.0,3.0,8.0
213,7108,101,5.0,3.0,8.0
214,7122,1,3.0,6.0,8.0
215,7122,1,3.0,6.0,8.0
216,7122,1,3.0,6.0,8.0
217,9450,83,6.0,3.0,8.0
218,9450,83,6.0,3.0,8.0
219,9450,83,6.0,3.0,8.0
220,9450,83,6.0,3.0,8.0
221,9450,83,6.0,3.0,3.0
222,9450,83,6.0,3.0,2.0
223,8318,100,8.0,3.0,8.0
224,8318,100,8.0,6.0,8.0
225,8318,100,8.0,,
226,8318,100,8.0,3.0,4.0
227,8318,100,8.0,3.0,4.0
228,8318,100,8.0,3.0,4.0
229,8318,100,8.0,3.0,4.0
230,8318,100,8.0,3.0,4.0
231,8318,100,8.0,,
232,8461,34,3.0,3.0,8.0
233,8461,34,3.0,3.0,8.0
234,8461,34,3.0,3.0,2.0
235,8461,34,3.0,,
236,9450,85,2.0,3.0,8.0
237,9450,85,2.0,3.0,2.0
238,5622,43,4.0,1.0,8.0
239,5622,43,4.0,3.0,8.0
240,5622,43,4.0,3.0,2.0
241,5622,43,4.0,3.0,2.0
242,6569,137,4.0,3.0,8.0
243,6569,137,4.0,3.0,8.0
244,6569,137,4.0,3.0,4.0
245,6569,137,4.0,3.0,2.0
246,6569,47,6.0,6.0,8.0
247,6569,47,6.0,6.0,8.0
248,6569,47,6.0,,
249,6569,47,6.0,6.0,8.0
250,6569,47,6.0,,
251,6569,47,6.0,3.0,1.0
252,6569,127,99.0,6.0,8.0
253,6569,127,99.0,6.0,8.0
254,6569,127,99.0,6.0,8.0
255,6569,127,99.0,6.0,8.0
256,6569,127,99.0,6.0,8.0
257,6569,127,99.0,6.0,8.0
258,6569,45,7.0,6.0,8.0
259,6569,45,7.0,3.0,8.0
260,6569,45,7.0,,
261,6569,45,7.0,6.0,3.0
262,6569,45,7.0,,
263,6569,45,7.0,6.0,3.0
264,6569,45,7.0,3.0,8.0
265,7397,55,6.0,3.0,8.0
266,7397,55,6.0,3.0,8.0
267,7397,55,6.0,3.0,8.0
268,7397,55,6.0,1.0,8.0
269,7397,55,6.0,3.0,8.0
270,7397,55,6.0,1.0,8.0
271,8034,114,7.0,1.0,8.0
272,8034,114,7.0,6.0,8.0
273,8034,114,7.0,6.0,8.0
274,8034,114,7.0,6.0,8.0
275,8034,114,7.0,6.0,8.0
276,8034,114,7.0,1.0,8.0
277,8034,114,7.0,1.0,8.0
278,8509,142,5.0,1.0,8.0
279,8509,142,5.0,1.0,8.0
280,8509,142,5.0,6.0,8.0
281,8509,142,5.0,1.0,3.0
282,8509,142,5.0,1.0,1.0
283,8509,142,5.0,3.0,8.0
284,6960,98,99.0,3.0,8.0
285,6960,98,99.0,3.0,8.0
286,6960,98,99.0,3.0,2.0
287,6960,98,99.0,1.0,8.0
288,6960,98,99.0,,
289,6960,98,99.0,6.0,3.0
290,6960,98,99.0,1.0,8.0
291,6960,98,99.0,3.0,8.0
292,6960,98,99.0,3.0,3.0
293,6960,98,7.0,3.0,8.0
294,6960,98,7.0,3.0,8.0
295,6960,98,7.0,3.0,2.0
296,6960,98,7.0,1.0,8.0
297,6960,98,7.0,,
298,6960,98,7.0,6.0,3.0
299,6960,98,7.0,1.0,8.0
300,6960,98,7.0,3.0,8.0
301,6960,98,7.0,3.0,3.0
302,7960,80,4.0,6.0,8.0
303,7960,80,4.0,6.0,8.0
304,7960,80,4.0,6.0,8.0
305,7960,80,4.0,6.0,8.0
306,6643,6,5.0,3.0,8.0
307,6643,6,5.0,3.0,8.0
308,6643,6,5.0,3.0,4.0
309,6643,6,5.0,3.0,4.0
310,6643,6,5.0,3.0,4.0
311,6643,24,5.0,3.0,8.0
312,6643,24,5.0,3.0,8.0
313,6643,24,5.0,3.0,8.0
314,6643,24,5.0,3.0,3.0
315,6643,24,5.0,3.0,2.0
316,9258,55,99.0,1.0,8.0
317,9258,55,99.0,1.0,8.0
318,9258,55,99.0,1.0,8.0
319,9258,55,99.0,1.0,8.0
320,9719,3,99.0,,
321,9719,3,99.0,6.0,8.0
322,9719,3,99.0,3.0,8.0
323,9719,3,99.0,3.0,3.0
324,9719,3,99.0,3.0,8.0
325,9719,3,99.0,,
326,9719,3,99.0,,
327,9719,3,99.0,3.0,8.0
328,9719,3,99.0,6.0,3.0
329,9719,3,5.0,,
330,9719,3,5.0,6.0,8.0
331,9719,3,5.0,3.0,8.0
332,9719,3,5.0,3.0,3.0
333,9719,3,5.0,3.0,8.0
334,9719,3,5.0,,
335,9719,3,5.0,,
336,9719,3,5.0,3.0,8.0
337,9719,3,5.0,6.0,3.0
338,9719,170,4.0,6.0,8.0
339,9719,170,4.0,1.0,8.0
340,9719,170,4.0,3.0,8.0
341,9719,170,4.0,1.0,8.0
342,9720,5,6.0,3.0,8.0
343,9720,5,6.0,3.0,3.0
344,9720,5,6.0,3.0,3.0
345,9720,5,6.0,3.0,3.0
346,9720,5,6.0,3.0,3.0
347,9720,5,6.0,3.0,8.0
348,9720,5,6.0,,
349,9719,109,99.0,6.0,8.0
350,9719,109,99.0,3.0,8.0
351,9719,109,99.0,3.0,8.0
352,9719,109,99.0,3.0,3.0
353,9719,109,99.0,3.0,8.0
354,6621,94,5.0,3.0,8.0
355,6621,94,5.0,3.0,8.0
356,6621,94,5.0,3.0,8.0
357,6621,94,5.0,3.0,2.0
358,6621,94,5.0,3.0,2.0
359,8440,199,3.0,6.0,8.0
360,8440,199,3.0,6.0,8.0
361,8440,199,3.0,3.0,2.0
362,9286,114,5.0,3.0,8.0
363,9286,114,5.0,3.0,8.0
364,9286,114,5.0,3.0,8.0
365,9286,114,5.0,3.0,2.0
366,9286,114,5.0,3.0,2.0
367,7460,60,4.0,3.0,8.0
368,7460,60,4.0,3.0,8.0
369,7460,60,4.0,3.0,8.0
370,7460,60,4.0,3.0,8.0
371,7460,60,4.0,,
372,9286,108,4.0,3.0,8.0
373,9286,108,4.0,3.0,8.0
374,9286,108,4.0,3.0,3.0
375,9286,108,4.0,3.0,3.0
376,9286,108,4.0,3.0,8.0
377,9286,108,4.0,,
378,8315,46,5.0,3.0,8.0
379,8315,46,5.0,3.0,8.0
380,8315,46,5.0,3.0,3.0
381,8315,46,5.0,3.0,3.0
382,8315,46,5.0,3.0,2.0
383,8315,52,8.0,3.0,8.0
384,8315,52,8.0,3.0,8.0
385,8315,52,8.0,3.0,5.0
386,8315,52,8.0,3.0,5.0
387,8315,52,8.0,3.0,5.0
388,8315,52,8.0,3.0,3.0
389,8315,52,8.0,3.0,3.0
390,8315,52,8.0,3.0,2.0
391,8315,52,8.0,3.0,5.0
392,6905,97,4.0,1.0,8.0
393,6905,97,4.0,1.0,8.0
394,6905,97,4.0,6.0,8.0
395,6905,97,4.0,1.0,8.0
396,8317,3,99.0,3.0,8.0
397,8317,3,99.0,3.0,8.0
398,8317,3,99.0,3.0,8.0
399,8317,3,99.0,3.0,8.0
400,8317,3,99.0,3.0,8.0
401,8317,3,99.0,3.0,3.0
402,8317,3,99.0,3.0,3.0
403,8317,3,99.0,3.0,3.0
404,8317,3,99.0,3.0,3.0
405,8317,3,99.0,3.0,8.0
406,8317,3,99.0,6.0,8.0
407,8317,3,99.0,6.0,3.0
408,8317,3,99.0,6.0,8.0
409,8317,68,99.0,3.0,8.0
410,8317,68,99.0,3.0,8.0
411,8317,68,99.0,,
412,8317,68,99.0,3.0,4.0
413,8317,68,99.0,3.0,4.0
414,8317,68,99.0,3.0,4.0
415,8317,68,99.0,3.0,4.0
416,8317,68,99.0,3.0,8.0
417,8317,68,99.0,6.0,4.0
418,8317,68,99.0,3.0,8.0
419,8317,68,7.0,3.0,8.0
420,8317,68,7.0,3.0,8.0
421,8317,68,7.0,,
422,8317,68,7.0,3.0,4.0
423,8317,68,7.0,3.0,4.0
424,8317,68,7.0,3.0,4.0
425,8317,68,7.0,3.0,4.0
426,8317,68,7.0,3.0,8.0
427,8317,68,7.0,6.0,4.0
428,8317,68,7.0,3.0,8.0
429,9054,86,5.0,3.0,8.0
430,9054,86,5.0,3.0,2.0
431,9054,86,5.0,3.0,4.0
432,9054,86,5.0,3.0,4.0
433,9054,86,5.0,3.0,4.0
434,9054,65,7.0,3.0,8.0
435,9054,65,7.0,3.0,8.0
436,9054,65,7.0,3.0,8.0
437,9054,65,7.0,3.0,4.0
438,9054,65,7.0,1.0,8.0
439,9054,65,7.0,1.0,3.0
440,9054,65,7.0,1.0,8.0
441,10327,91,99.0,3.0,8.0
442,10327,91,99.0,3.0,8.0
443,10327,91,99.0,,
444,10327,91,99.0,3.0,4.0
445,10327,91,99.0,3.0,4.0
446,10327,91,99.0,3.0,4.0
447,10327,91,99.0,3.0,4.0
448,10327,91,99.0,6.0,4.0
449,10327,91,7.0,3.0,8.0
450,10327,91,7.0,3.0,8.0
451,10327,91,7.0,,
452,10327,91,7.0,3.0,4.0
453,10327,91,7.0,3.0,4.0
454,10327,91,7.0,3.0,4.0
455,10327,91,7.0,3.0,4.0
456,10327,91,7.0,6.0,4.0
457,10327,90,6.0,6.0,8.0
458,10327,90,6.0,3.0,8.0
459,10327,90,6.0,3.0,4.0
460,10327,90,6.0,3.0,4.0
461,10327,90,6.0,3.0,4.0
462,10327,90,6.0,3.0,4.0
463,10150,1,6.0,3.0,8.0
464,10150,1,6.0,3.0,8.0
465,10150,1,6.0,3.0,8.0
466,10150,1,6.0,3.0,3.0
467,10150,1,6.0,3.0,3.0
468,10150,1,6.0,3.0,1.0
469,10150,83,99.0,3.0,8.0
470,10150,83,99.0,3.0,8.0
471,10150,83,99.0,3.0,3.0
472,10150,83,99.0,3.0,3.0
473,10150,83,99.0,3.0,1.0
474,5384,6,7.0,3.0,8.0
475,5384,6,7.0,3.0,8.0
476,5384,6,7.0,3.0,8.0
477,5384,6,7.0,3.0,3.0
478,5384,6,7.0,3.0,3.0
479,5384,6,7.0,3.0,3.0
480,5384,6,7.0,6.0,8.0
481,5473,68,5.0,1.0,8.0
482,5473,68,5.0,1.0,8.0
483,5473,68,5.0,3.0,8.0
484,5473,68,5.0,3.0,8.0
485,5473,68,5.0,3.0,2.0
486,5555,84,3.0,6.0,8.0
487,5555,84,3.0,6.0,8.0
488,5555,84,3.0,3.0,2.0
489,6417,28,5.0,3.0,8.0
490,6417,28,5.0,3.0,4.0
491,6417,28,5.0,3.0,8.0
492,6417,28,5.0,3.0,3.0
493,6417,28,5.0,3.0,1.0
494,6417,181,6.0,3.0,8.0
495,6417,181,6.0,3.0,4.0
496,6417,181,6.0,3.0,8.0
497,6417,181,6.0,3.0,3.0
498,6417,181,6.0,3.0,3.0
499,6417,181,6.0,3.0,3.0
500,6809,81,6.0,1.0,8.0
501,6809,81,6.0,1.0,8.0
502,6809,81,6.0,1.0,8.0
503,6809,81,6.0,1.0,8.0
504,6809,81,6.0,3.0,8.0
505,6809,81,6.0,3.0,8.0
506,6809,81,6.0,3.0,8.0
507,6809,81,6.0,3.0,8.0
508,6809,81,6.0,3.0,8.0
509,6809,81,6.0,3.0,8.0
510,6866,81,99.0,3.0,8.0
511,6866,81,99.0,3.0,8.0
512,6866,81,99.0,3.0,3.0
513,6866,81,99.0,3.0,3.0
514,6866,81,99.0,3.0,8.0
515,8686,27,4.0,3.0,8.0
516,8686,27,4.0,3.0,8.0
517,8686,27,4.0,3.0,8.0
518,8686,27,4.0,3.0,1.0
519,10210,45,3.0,1.0,8.0
520,10210,45,3.0,6.0,8.0
521,10210,45,3.0,1.0,8.0
522,5952,27,4.0,3.0,8.0
523,5952,27,4.0,3.0,8.0
524,5952,27,4.0,3.0,8.0
525,5952,27,4.0,3.0,4.0
526,5952,28,4.0,3.0,8.0
527,5952,28,4.0,3.0,8.0
528,5952,28,4.0,3.0,3.0
529,5952,28,4.0,3.0,4.0
530,5952,63,5.0,3.0,8.0
531,5952,63,5.0,3.0,8.0
532,5952,63,5.0,3.0,8.0
533,5952,63,5.0,3.0,3.0
534,5952,63,5.0,3.0,4.0
535,6572,114,99.0,3.0,4.0
536,6572,114,99.0,3.0,4.0
537,6572,114,99.0,3.0,4.0
538,6572,114,99.0,3.0,4.0
539,6572,114,99.0,3.0,4.0
540,6572,114,99.0,3.0,4.0
541,6572,114,99.0,3.0,4.0
542,6572,114,99.0,3.0,4.0
543,6572,114,99.0,3.0,5.0
544,6572,114,99.0,3.0,5.0
545,6572,114,99.0,6.0,8.0
546,6572,114,8.0,3.0,4.0
547,6572,114,8.0,3.0,4.0
548,6572,114,8.0,3.0,4.0
549,6572,114,8.0,3.0,4.0
550,6572,114,8.0,3.0,4.0
551,6572,114,8.0,3.0,4.0
552,6572,114,8.0,3.0,4.0
553,6572,114,8.0,3.0,4.0
554,6572,114,8.0,3.0,5.0
555,6572,114,8.0,3.0,5.0
556,6572,114,8.0,6.0,8.0
557,6572,118,5.0,3.0,4.0
558,6572,118,5.0,3.0,4.0
559,6572,118,5.0,3.0,4.0
560,6572,118,5.0,3.0,4.0
561,6572,118,5.0,3.0,1.0
562,5764,47,7.0,6.0,8.0
563,5764,47,7.0,3.0,8.0
564,5764,47,7.0,3.0,8.0
565,5764,47,7.0,3.0,8.0
566,5764,47,7.0,6.0,8.0
567,5764,47,7.0,6.0,3.0
568,5764,47,7.0,3.0,8.0
569,5764,48,99.0,3.0,8.0
570,5764,48,99.0,3.0,8.0
571,5764,48,99.0,3.0,8.0
572,5764,48,99.0,,
573,5764,48,99.0,3.0,3.0
574,5764,48,99.0,3.0,3.0
575,5764,48,99.0,3.0,3.0
576,5764,48,99.0,3.0,3.0
577,5764,48,99.0,3.0,8.0
578,5764,48,99.0,3.0,8.0
579,5764,48,9.0,3.0,8.0
580,5764,48,9.0,3.0,8.0
581,5764,48,9.0,3.0,8.0
582,5764,48,9.0,,
583,5764,48,9.0,3.0,3.0
584,5764,48,9.0,3.0,3.0
585,5764,48,9.0,3.0,3.0
586,5764,48,9.0,3.0,3.0
587,5764,48,9.0,3.0,8.0
588,5764,48,9.0,3.0,8.0
589,5224,61,5.0,1.0,8.0
590,5224,61,5.0,6.0,8.0
591,5224,61,5.0,6.0,8.0
592,5224,61,5.0,1.0,8.0
593,5224,61,5.0,1.0,8.0
594,5225,13,6.0,,
595,5225,13,6.0,7.0,8.0
596,5225,13,6.0,7.0,8.0
597,5225,13,6.0,3.0,8.0
598,5225,13,6.0,1.0,8.0
599,5225,13,6.0,1.0,8.0
600,6287,3,3.0,3.0,8.0
601,6287,3,3.0,3.0,2.0
602,6287,3,3.0,3.0,2.0
603,6287,77,5.0,3.0,4.0
604,6287,77,5.0,3.0,8.0
605,6287,77,5.0,3.0,8.0
606,6287,77,5.0,3.0,2.0
607,6287,77,5.0,3.0,2.0
608,7921,50,5.0,1.0,8.0
609,7921,50,5.0,1.0,8.0
610,7921,50,5.0,1.0,8.0
611,7921,50,5.0,1.0,8.0
612,7921,50,5.0,1.0,8.0
613,8596,102,9.0,3.0,8.0
614,8596,102,9.0,3.0,8.0
615,8596,102,9.0,3.0,8.0
616,8596,102,9.0,3.0,8.0
617,8596,102,9.0,3.0,8.0
618,8596,102,9.0,3.0,3.0
619,8596,102,9.0,3.0,3.0
620,8596,102,9.0,3.0,8.0
621,8596,102,9.0,3.0,8.0
622,8596,102,9.0,,
623,8596,102,9.0,,
624,9731,130,3.0,1.0,8.0
625,9731,130,3.0,1.0,8.0
626,9731,130,3.0,1.0,8.0
627,6421,45,4.0,1.0,8.0
628,6421,45,4.0,3.0,8.0
629,6421,45,4.0,3.0,4.0
630,6421,45,4.0,3.0,4.0
631,10380,11,7.0,,
632,10380,11,7.0,,
633,10380,11,7.0,,
634,10380,11,7.0,,
635,10380,11,7.0,3.0,8.0
636,10380,11,7.0,3.0,3.0
637,10380,11,7.0,3.0,8.0
638,10380,55,5.0,3.0,8.0
639,10380,55,5.0,,
640,10380,55,5.0,6.0,8.0
641,10380,55,5.0,3.0,3.0
642,10380,55,5.0,3.0,8.0
643,10380,55,5.0,,
644,10380,55,5.0,,
645,10380,55,5.0,,
646,10380,55,5.0,,
647,7279,76,99.0,3.0,8.0
648,7279,76,99.0,3.0,8.0
649,7279,76,99.0,3.0,3.0
650,7279,76,99.0,3.0,2.0
651,7279,76,99.0,3.0,8.0
652,7279,76,4.0,3.0,8.0
653,7279,76,4.0,3.0,8.0
654,7279,76,4.0,3.0,3.0
655,7279,76,4.0,3.0,2.0
656,7279,76,4.0,3.0,8.0
657,9024,51,5.0,,
658,9024,51,5.0,,
659,9024,51,5.0,3.0,8.0
660,9024,51,5.0,6.0,8.0
661,9024,51,5.0,3.0,8.0
662,10359,133,6.0,3.0,8.0
663,10359,133,6.0,3.0,8.0
664,10359,133,6.0,6.0,8.0
665,10359,133,6.0,3.0,3.0
666,10359,133,6.0,3.0,3.0
667,10359,133,6.0,6.0,8.0
668,10359,30,5.0,3.0,8.0
669,10359,30,5.0,3.0,8.0
670,10359,30,5.0,3.0,8.0
671,10359,30,5.0,3.0,3.0
672,10359,30,5.0,3.0,8.0
673,10175,113,4.0,1.0,8.0
674,10175,113,4.0,1.0,8.0
675,10175,113,4.0,1.0,3.0
676,10175,113,4.0,1.0,8.0
677,10175,113,4.0,,
678,7236,196,7.0,6.0,8.0
679,7236,196,7.0,3.0,8.0
680,7236,196,7.0,3.0,8.0
681,7236,196,7.0,3.0,3.0
682,7236,196,7.0,3.0,2.0
683,7236,196,7.0,3.0,8.0
684,7236,196,7.0,3.0,2.0
685,7207,86,3.0,1.0,8.0
686,7207,86,3.0,1.0,8.0
687,7207,86,3.0,1.0,8.0
688,7207,42,4.0,6.0,8.0
689,7207,42,4.0,3.0,2.0
690,7207,42,4.0,6.0,3.0
691,7207,42,4.0,3.0,8.0
692,10176,137,4.0,1.0,8.0
693,10176,137,4.0,1.0,8.0
694,10176,137,4.0,1.0,8.0
695,10176,137,4.0,1.0,2.0
696,7977,31,6.0,3.0,8.0
697,7977,31,6.0,6.0,8.0
698,7977,31,6.0,3.0,8.0
699,7977,31,6.0,3.0,8.0
700,7977,31,6.0,3.0,8.0
701,7977,31,6.0,3.0,8.0
702,8013,39,7.0,,
703,8013,39,7.0,1.0,8.0
704,8013,39,7.0,,
705,8013,39,7.0,3.0,8.0
706,8013,39,7.0,6.0,8.0
707,8013,39,7.0,1.0,8.0
708,8013,39,7.0,1.0,8.0
709,10254,157,4.0,1.0,8.0
710,10254,157,4.0,6.0,8.0
711,10254,157,4.0,3.0,8.0
712,10254,157,4.0,3.0,8.0
713,10254,157,4.0,6.0,8.0
714,7248,88,99.0,3.0,8.0
715,7248,88,99.0,3.0,8.0
716,7248,88,99.0,,
717,7248,88,99.0,3.0,8.0
718,7248,88,99.0,3.0,1.0
719,7248,88,99.0,3.0,8.0
720,7248,88,99.0,3.0,2.0
721,7248,88,99.0,3.0,8.0
722,7248,88,99.0,3.0,8.0
723,7248,88,99.0,3.0,4.0
724,7248,88,99.0,3.0,4.0
725,7248,88,99.0,,
726,7248,88,99.0,3.0,2.0
727,7248,88,5.0,3.0,8.0
728,7248,88,5.0,3.0,8.0
729,7248,88,5.0,,
730,7248,88,5.0,3.0,8.0
731,7248,88,5.0,3.0,1.0
732,7248,88,5.0,3.0,8.0
733,7248,88,5.0,3.0,2.0
734,7248,88,5.0,3.0,8.0
735,7248,88,5.0,3.0,8.0
736,7248,88,5.0,3.0,4.0
737,7248,88,5.0,3.0,4.0
738,7248,88,5.0,,
739,7248,88,5.0,3.0,2.0
740,7248,87,7.0,3.0,8.0
741,7248,87,7.0,3.0,8.0
742,7248,87,7.0,3.0,4.0
743,7248,87,7.0,3.0,4.0
744,7248,87,7.0,3.0,3.0
745,7248,87,7.0,3.0,3.0
746,7248,87,7.0,3.0,2.0
747,9740,133,7.0,6.0,8.0
748,9740,133,7.0,3.0,8.0
749,9740,133,7.0,,
750,9740,133,7.0,3.0,3.0
751,9740,133,7.0,3.0,8.0
752,9740,133,7.0,3.0,8.0
753,9740,133,7.0,3.0,8.0
754,9740,135,4.0,,
755,9740,135,4.0,6.0,8.0
756,9740,135,4.0,6.0,8.0
757,9740,135,4.0,6.0,8.0
758,9740,55,99.0,3.0,8.0
759,9740,55,99.0,3.0,8.0
760,9740,55,99.0,3.0,8.0
761,9740,55,99.0,3.0,8.0
762,9740,55,99.0,3.0,8.0
763,9740,55,99.0,3.0,3.0
764,9740,55,99.0,3.0,8.0
765,9740,55,99.0,6.0,8.0
766,9568,21,4.0,6.0,8.0
767,9568,21,4.0,3.0,8.0
768,9568,21,4.0,3.0,3.0
769,9568,21,4.0,3.0,8.0
770,9568,21,4.0,1.0,8.0
771,9568,21,4.0,1.0,3.0
772,8188,47,4.0,1.0,8.0
773,8188,47,4.0,1.0,8.0
774,8188,47,4.0,1.0,3.0
775,8188,47,4.0,1.0,2.0
776,8188,96,4.0,3.0,8.0
777,8188,96,4.0,3.0,8.0
778,8188,96,4.0,3.0,3.0
779,8188,96,4.0,3.0,2.0
780,8188,128,9.0,,
781,8188,128,9.0,6.0,8.0
782,8188,128,9.0,6.0,8.0
783,8188,128,9.0,6.0,3.0
784,8188,128,9.0,6.0,3.0
785,8188,128,9.0,6.0,3.0
786,8188,128,9.0,6.0,2.0
787,8188,128,9.0,3.0,8.0
788,8188,128,9.0,3.0,8.0
789,8188,128,9.0,6.0,8.0
790,8811,31,99.0,3.0,8.0
791,8811,31,99.0,3.0,8.0
792,8811,31,99.0,3.0,8.0
793,8811,31,99.0,3.0,8.0
794,8811,31,99.0,3.0,8.0
795,8811,31,99.0,3.0,8.0
796,8811,31,99.0,3.0,3.0
797,8811,31,99.0,3.0,8.0
798,8811,31,99.0,3.0,8.0
799,8811,31,8.0,3.0,8.0
800,8811,31,8.0,3.0,8.0
801,8811,31,8.0,3.0,8.0
802,8811,31,8.0,3.0,8.0
803,8811,31,8.0,3.0,8.0
804,8811,31,8.0,3.0,8.0
805,8811,31,8.0,3.0,3.0
806,8811,31,8.0,3.0,8.0
807,8811,31,8.0,3.0,8.0
808,9735,50,5.0,3.0,8.0
809,9735,50,5.0,6.0,8.0
810,9735,50,5.0,3.0,8.0
811,9735,50,5.0,3.0,8.0
812,9735,50,5.0,3.0,2.0
813,5567,100,4.0,6.0,8.0
814,5567,100,4.0,6.0,8.0
815,5567,100,4.0,6.0,8.0
816,5567,100,4.0,3.0,8.0
817,7241,214,99.0,6.0,8.0
818,7241,214,99.0,3.0,8.0
819,7241,214,99.0,6.0,2.0
820,7241,214,99.0,3.0,2.0
821,8120,26,7.0,1.0,8.0
822,8120,26,7.0,1.0,8.0
823,8120,26,7.0,,
824,8120,26,7.0,1.0,3.0
825,8120,26,7.0,1.0,2.0
826,8120,26,7.0,,
827,8120,26,7.0,3.0,2.0
828,8131,93,5.0,3.0,8.0
829,8131,93,5.0,3.0,8.0
830,8131,93,5.0,3.0,8.0
831,8131,93,5.0,3.0,3.0
832,8131,93,5.0,3.0,2.0
833,8131,93,5.0,6.0,8.0
834,9194,73,5.0,3.0,8.0
835,9194,73,5.0,3.0,8.0
836,9194,73,5.0,3.0,8.0
837,9194,73,5.0,3.0,3.0
838,9194,73,5.0,3.0,2.0
839,6092,139,4.0,3.0,8.0
840,6092,139,4.0,3.0,8.0
841,6092,139,4.0,3.0,3.0
842,6092,139,4.0,3.0,8.0
843,8694,61,5.0,1.0,8.0
844,8694,61,5.0,1.0,8.0
845,8694,61,5.0,1.0,8.0
846,8694,61,5.0,1.0,3.0
847,8694,61,5.0,1.0,2.0
848,9317,78,4.0,6.0,8.0
849,9317,78,4.0,6.0,8.0
850,9317,78,4.0,6.0,3.0
851,9317,78,4.0,3.0,8.0
852,6343,32,8.0,3.0,8.0
853,6343,32,8.0,3.0,8.0
854,6343,32,8.0,3.0,4.0
855,6343,32,8.0,3.0,4.0
856,6343,32,8.0,3.0,3.0
857,6343,32,8.0,3.0,3.0
858,6343,32,8.0,3.0,2.0
859,6343,32,8.0,3.0,2.0
860,6343,56,4.0,3.0,8.0
861,6343,56,4.0,3.0,8.0
862,6343,56,4.0,3.0,3.0
863,6343,56,4.0,3.0,1.0
864,6507,44,3.0,6.0,8.0
865,6507,44,3.0,6.0,8.0
866,6507,44,3.0,6.0,8.0
867,8918,220,4.0,1.0,8.0
868,8918,220,4.0,6.0,8.0
869,8918,220,4.0,1.0,3.0
870,8918,220,4.0,1.0,2.0
871,5925,83,9.0,3.0,8.0
872,5925,83,9.0,3.0,8.0
873,5925,83,9.0,,
874,5925,83,9.0,3.0,4.0
875,5925,83,9.0,3.0,3.0
876,5925,83,9.0,3.0,3.0
877,5925,83,9.0,3.0,3.0
878,5925,83,9.0,3.0,3.0
879,5925,83,9.0,6.0,8.0
880,9274,43,6.0,3.0,8.0
881,9274,43,6.0,3.0,8.0
882,9274,43,6.0,3.0,3.0
883,9274,43,6.0,3.0,3.0
884,9274,43,6.0,3.0,8.0
885,9274,43,6.0,3.0,8.0
886,9274,43,6.0,,
887,9272,76,5.0,3.0,8.0
888,9272,76,5.0,3.0,8.0
889,9272,76,5.0,3.0,8.0
890,9272,76,5.0,3.0,8.0
891,9272,76,5.0,3.0,8.0
892,9272,76,5.0,3.0,8.0
893,8900,7,99.0,3.0,8.0
894,8900,7,99.0,3.0,8.0
895,8900,7,99.0,3.0,3.0
896,8900,7,99.0,3.0,3.0
897,8900,7,99.0,3.0,2.0
898,8900,95,8.0,,
899,8900,95,8.0,,
900,8900,95,8.0,,
901,8900,95,8.0,,
902,8900,95,8.0,,
903,8900,95,8.0,,
904,8900,95,8.0,3.0,8.0
905,8900,95,8.0,3.0,8.0
906,8900,95,8.0,6.0,8.0
907,8863,3,7.0,1.0,8.0
908,8863,3,7.0,3.0,8.0
909,8863,3,7.0,3.0,8.0
910,8863,3,7.0,,
911,8863,3,7.0,3.0,8.0
912,8863,3,7.0,,
913,8863,3,7.0,1.0,2.0
914,8863,3,7.0,6.0,8.0
915,8965,38,4.0,1.0,8.0
916,8965,38,4.0,6.0,8.0
917,8965,38,4.0,6.0,8.0
918,8965,38,4.0,6.0,8.0
919,8707,82,5.0,6.0,8.0
920,8707,82,5.0,3.0,8.0
921,8707,82,5.0,3.0,8.0
922,8707,82,5.0,3.0,3.0
923,8707,82,5.0,3.0,8.0
924,9063,71,6.0,3.0,8.0
925,9063,71,6.0,3.0,8.0
926,9063,71,6.0,3.0,8.0
927,9063,71,6.0,3.0,8.0
928,9063,71,6.0,3.0,2.0
929,9063,71,6.0,3.0,2.0
930,7158,13,4.0,6.0,8.0
931,7158,13,4.0,6.0,8.0
932,7158,13,4.0,3.0,2.0
933,7158,13,4.0,3.0,8.0
934,5184,21,4.0,,
935,5184,21,4.0,6.0,8.0
936,5184,21,4.0,1.0,8.0
937,5184,21,4.0,1.0,8.0
938,10012,63,7.0,3.0,8.0
939,10012,63,7.0,6.0,8.0
940,10012,63,7.0,6.0,8.0
941,10012,63,7.0,6.0,8.0
942,10012,63,7.0,6.0,8.0
943,10012,63,7.0,6.0,8.0
944,10012,63,7.0,3.0,8.0
945,8110,83,5.0,3.0,8.0
946,8110,83,5.0,,
947,8110,83,5.0,6.0,3.0
948,8110,83,5.0,6.0,3.0
949,8110,83,5.0,6.0,8.0
950,8846,129,4.0,1.0,8.0
951,8846,129,4.0,1.0,8.0
952,8846,129,4.0,6.0,8.0
953,8846,129,4.0,1.0,8.0
954,9770,117,6.0,3.0,4.0
955,9770,117,6.0,3.0,3.0
956,9770,117,6.0,3.0,8.0
957,9770,117,6.0,3.0,8.0
958,9770,117,6.0,3.0,2.0
959,9770,117,6.0,3.0,2.0
960,5283,12,5.0,3.0,8.0
961,5283,12,5.0,3.0,8.0
962,5283,12,5.0,3.0,3.0
963,5283,12,5.0,3.0,3.0
964,5283,12,5.0,3.0,2.0
965,6651,55,4.0,6.0,8.0
966,6651,55,4.0,3.0,4.0
967,6651,55,4.0,3.0,3.0
968,6651,55,4.0,3.0,2.0
969,8238,122,99.0,1.0,8.0
970,8238,122,99.0,1.0,8.0
971,8238,122,99.0,3.0,8.0
972,8238,122,99.0,6.0,8.0
973,8238,122,99.0,3.0,8.0
974,8238,122,99.0,3.0,8.0
975,8238,122,4.0,1.0,8.0
976,8238,122,4.0,1.0,8.0
977,8238,122,4.0,3.0,8.0
978,8238,122,4.0,6.0,8.0
979,8238,122,4.0,3.0,8.0
980,8238,122,4.0,3.0,8.0
981,8245,102,6.0,3.0,8.0
982,8245,102,6.0,3.0,8.0
983,8245,102,6.0,6.0,8.0
984,8245,102,6.0,2.0,8.0
985,8245,102,6.0,2.0,8.0
986,8245,102,6.0,2.0,8.0
987,8245,102,6.0,6.0,8.0
988,9173,6,5.0,1.0,8.0
989,9173,6,5.0,1.0,8.0
990,9173,6,5.0,6.0,8.0
991,9173,6,5.0,1.0,8.0
992,9173,6,5.0,1.0,1.0
993,9173,93,5.0,3.0,8.0
994,9173,93,5.0,3.0,3.0
995,9173,93,5.0,3.0,8.0
996,9173,93,5.0,3.0,8.0
997,9173,93,5.0,3.0,8.0
998,9173,93,5.0,1.0,8.0
999,9173,93,5.0,1.0,8.0
1000,9173,93,5.0,1.0,3.0
1001,9173,93,5.0,1.0,3.0
1002,9173,93,5.0,1.0,2.0
1003,6251,58,6.0,6.0,8.0
1004,6251,58,6.0,6.0,8.0
1005,6251,58,6.0,6.0,8.0
1006,6251,58,6.0,6.0,8.0
1007,6251,58,6.0,6.0,8.0
1008,6251,58,6.0,6.0,8.0
1009,6602,42,5.0,3.0,8.0
1010,6602,42,5.0,3.0,8.0
1011,6602,42,5.0,3.0,3.0
1012,6602,42,5.0,3.0,2.0
1013,6602,42,5.0,3.0,8.0
1014,6602,42,4.0,3.0,8.0
1015,6602,42,4.0,3.0,8.0
1016,6602,42,4.0,3.0,3.0
1017,6602,42,4.0,3.0,2.0
1018,6602,42,4.0,3.0,8.0
1019,6602,44,5.0,3.0,4.0
1020,6602,44,5.0,3.0,4.0
1021,6602,44,5.0,,
1022,6602,44,5.0,3.0,3.0
1023,6602,44,5.0,3.0,2.0
1024,7992,38,8.0,1.0,8.0
1025,7992,38,8.0,1.0,8.0
1026,7992,38,8.0,3.0,8.0
1027,7992,38,8.0,6.0,8.0
1028,7992,38,8.0,3.0,8.0
1029,7992,38,8.0,3.0,3.0
1030,7992,38,8.0,3.0,3.0
1031,7992,38,8.0,3.0,8.0
1032,7992,38,8.0,3.0,8.0
1033,7992,38,8.0,1.0,8.0
1034,8281,19,9.0,3.0,8.0
1035,8281,19,9.0,3.0,8.0
1036,8281,19,9.0,3.0,8.0
1037,8281,19,9.0,3.0,8.0
1038,8281,19,9.0,3.0,8.0
1039,8281,19,9.0,3.0,8.0
1040,8281,19,9.0,3.0,8.0
1041,8281,19,9.0,3.0,8.0
1042,8281,19,9.0,3.0,8.0
1043,8281,19,6.0,3.0,8.0
1044,8281,19,6.0,3.0,8.0
1045,8281,19,6.0,3.0,8.0
1046,8281,19,6.0,3.0,8.0
1047,8281,19,6.0,3.0,8.0
1048,8281,19,6.0,3.0,8.0
1049,8281,19,6.0,3.0,8.0
1050,8281,19,6.0,3.0,8.0
1051,8281,19,6.0,3.0,8.0
1052,8281,76,99.0,,
1053,8281,76,99.0,,
1054,8281,76,99.0,,
1055,8281,76,99.0,3.0,8.0
1056,8281,76,99.0,3.0,4.0
1057,8281,76,99.0,3.0,3.0
1058,8281,76,99.0,,
1059,8281,76,99.0,,
1060,8281,76,99.0,3.0,8.0
1061,8282,73,4.0,3.0,8.0
1062,8282,73,4.0,3.0,8.0
1063,8282,73,4.0,3.0,3.0
1064,8282,73,4.0,3.0,2.0
1065,8201,157,3.0,1.0,8.0
1066,8201,157,3.0,1.0,8.0
1067,8201,157,3.0,1.0,8.0
1068,8201,175,6.0,1.0,8.0
1069,8201,175,6.0,1.0,8.0
1070,8201,175,6.0,3.0,8.0
1071,8201,175,6.0,1.0,8.0
1072,8201,175,6.0,3.0,8.0
1073,8201,175,6.0,1.0,8.0
1074,9040,138,99.0,3.0,8.0
1075,9040,138,99.0,3.0,8.0
1076,9040,138,99.0,3.0,4.0
1077,9040,138,99.0,3.0,2.0
1078,9040,138,99.0,3.0,2.0
1079,9040,138,99.0,3.0,1.0
1080,5810,129,5.0,6.0,8.0
1081,5810,129,5.0,3.0,8.0
1082,5810,129,5.0,3.0,4.0
1083,5810,129,5.0,3.0,4.0
1084,5810,129,5.0,3.0,4.0
1085,6483,81,6.0,3.0,4.0
1086,6483,81,6.0,3.0,8.0
1087,6483,81,6.0,3.0,8.0
1088,6483,81,6.0,3.0,3.0
1089,6483,81,6.0,3.0,4.0
1090,6483,81,6.0,3.0,2.0
1091,6483,81,6.0,3.0,8.0
1092,6483,81,6.0,3.0,2.0
1093,6483,225,6.0,3.0,8.0
1094,6483,225,6.0,3.0,4.0
1095,6483,225,6.0,3.0,8.0
1096,6483,225,6.0,6.0,8.0
1097,6483,225,6.0,3.0,8.0
1098,6483,225,6.0,3.0,1.0
1099,8615,82,6.0,,
1100,8615,82,6.0,3.0,8.0
1101,8615,82,6.0,3.0,8.0
1102,8615,82,6.0,3.0,8.0
1103,8615,82,6.0,3.0,3.0
1104,8615,82,6.0,3.0,8.0
1105,8615,93,6.0,,
1106,8615,93,6.0,6.0,8.0
1107,8615,93,6.0,,
1108,8615,93,6.0,6.0,8.0
1109,8615,93,6.0,3.0,3.0
1110,8615,93,6.0,3.0,8.0
1111,7333,8,7.0,6.0,8.0
1112,7333,8,7.0,6.0,8.0
1113,7333,8,7.0,6.0,8.0
1114,7333,8,7.0,6.0,8.0
1115,7333,8,7.0,3.0,8.0
1116,7333,8,7.0,3.0,8.0
1117,7333,8,7.0,3.0,2.0
1118,7333,8,7.0,,
1119,7333,8,7.0,,
1120,7333,8,7.0,,
1121,7333,8,99.0,,
1122,7333,8,99.0,,
1123,7333,8,99.0,,
1124,7333,8,99.0,,
1125,7333,8,99.0,,
1126,7333,8,99.0,,
1127,7333,8,99.0,,
1128,7333,8,99.0,6.0,8.0
1129,7333,8,99.0,6.0,8.0
1130,7333,8,99.0,3.0,8.0
1131,7339,136,7.0,,
1132,7339,136,7.0,,
1133,7339,136,7.0,,
1134,7339,136,7.0,3.0,8.0
1135,7339,136,7.0,3.0,8.0
1136,7339,136,7.0,3.0,8.0
1137,7339,136,7.0,3.0,8.0
1138,7339,136,7.0,,
1139,8335,42,8.0,3.0,8.0
1140,8335,42,8.0,3.0,8.0
1141,8335,42,8.0,3.0,3.0
1142,8335,42,8.0,3.0,3.0
1143,8335,42,8.0,3.0,3.0
1144,8335,42,8.0,3.0,4.0
1145,8335,42,8.0,3.0,4.0
1146,8335,42,8.0,3.0,4.0
1147,8335,42,7.0,3.0,8.0
1148,8335,42,7.0,3.0,8.0
1149,8335,42,7.0,3.0,3.0
1150,8335,42,7.0,3.0,3.0
1151,8335,42,7.0,3.0,3.0
1152,8335,42,7.0,3.0,4.0
1153,8335,42,7.0,3.0,4.0
1154,8335,42,7.0,3.0,4.0
1155,8335,136,7.0,3.0,8.0
1156,8335,136,7.0,3.0,8.0
1157,8335,136,7.0,3.0,8.0
1158,8335,136,7.0,3.0,3.0
1159,8335,136,7.0,3.0,3.0
1160,8335,136,7.0,3.0,4.0
1161,8335,136,7.0,3.0,4.0
1162,8335,136,7.0,3.0,3.0
1163,8335,137,6.0,3.0,8.0
1164,8335,137,6.0,3.0,8.0
1165,8335,137,6.0,3.0,3.0
1166,8335,137,6.0,3.0,8.0
1167,8335,137,6.0,3.0,8.0
1168,8335,137,6.0,3.0,8.0
1169,8335,137,6.0,,
1170,8335,137,6.0,,
1171,8368,55,5.0,1.0,8.0
1172,8368,55,5.0,1.0,8.0
1173,8368,55,5.0,1.0,3.0
1174,8368,55,5.0,1.0,3.0
1175,8368,55,5.0,1.0,8.0
1176,8857,71,5.0,,
1177,8857,71,5.0,,
1178,8857,71,5.0,6.0,8.0
1179,8857,71,5.0,3.0,8.0
1180,8857,71,5.0,3.0,2.0
1181,10323,48,7.0,3.0,8.0
1182,10323,48,7.0,3.0,4.0
1183,10323,48,7.0,3.0,8.0
1184,10323,48,7.0,1.0,8.0
1185,10323,48,7.0,1.0,3.0
1186,10323,48,7.0,1.0,2.0
1187,10323,48,7.0,6.0,2.0
1188,10323,48,7.0,,
1189,7208,112,4.0,1.0,8.0
1190,7208,112,4.0,6.0,8.0
1191,7208,112,4.0,1.0,2.0
1192,7208,112,4.0,1.0,2.0
1193,5978,159,5.0,3.0,8.0
1194,5978,159,5.0,3.0,8.0
1195,5978,159,5.0,3.0,8.0
1196,5978,159,5.0,3.0,2.0
1197,5978,159,5.0,3.0,2.0
1198,8342,37,7.0,3.0,8.0
1199,8342,37,7.0,3.0,2.0
1200,8342,37,7.0,,
1201,8342,37,7.0,3.0,8.0
1202,8342,37,7.0,3.0,3.0
1203,8342,37,7.0,3.0,3.0
1204,8342,37,7.0,6.0,8.0
1205,7041,301,5.0,2.0,8.0
1206,7041,301,5.0,2.0,8.0
1207,7041,301,5.0,2.0,8.0
1208,7041,301,5.0,2.0,8.0
1209,7041,301,5.0,2.0,8.0
1210,7041,301,5.0,2.0,8.0
1211,7069,1,4.0,3.0,8.0
1212,7069,1,4.0,3.0,8.0
1213,7069,1,4.0,3.0,8.0
1214,7069,1,4.0,3.0,4.0
1215,7069,1,4.0,3.0,8.0
1216,5130,18,5.0,3.0,8.0
1217,5130,18,5.0,3.0,8.0
1218,5130,18,5.0,3.0,8.0
1219,5130,18,5.0,3.0,3.0
1220,5130,18,5.0,3.0,2.0
1221,9684,109,6.0,3.0,8.0
1222,9684,109,6.0,3.0,8.0
1223,9684,109,6.0,3.0,3.0
1224,9684,109,6.0,3.0,8.0
1225,9684,109,6.0,3.0,8.0
1226,9684,109,6.0,3.0,8.0
1227,9684,109,6.0,,
1228,9684,109,6.0,,
1229,9684,109,6.0,,
1230,9659,116,5.0,3.0,8.0
1231,9659,116,5.0,3.0,8.0
1232,9659,116,5.0,3.0,8.0
1233,9659,116,5.0,3.0,8.0
1234,9659,116,5.0,3.0,8.0
1235,7529,80,5.0,1.0,8.0
1236,7529,80,5.0,1.0,8.0
1237,7529,80,5.0,6.0,8.0
1238,7529,80,5.0,6.0,8.0
1239,7529,80,5.0,1.0,8.0
1240,7529,60,6.0,1.0,8.0
1241,7529,60,6.0,3.0,8.0
1242,7529,60,6.0,1.0,8.0
1243,7529,60,6.0,1.0,8.0
1244,7529,60,6.0,1.0,8.0
1245,7529,60,6.0,1.0,8.0
1246,9820,19,99.0,3.0,8.0
1247,9820,19,99.0,3.0,8.0
1248,9820,19,99.0,3.0,8.0
1249,9820,19,99.0,3.0,3.0
1250,9820,19,99.0,3.0,3.0
1251,9820,19,99.0,3.0,8.0
1252,6059,36,6.0,3.0,8.0
1253,6059,36,6.0,,
1254,6059,36,6.0,,
1255,6059,36,6.0,6.0,8.0
1256,6059,36,6.0,6.0,8.0
1257,6059,36,6.0,6.0,8.0
1258,6141,110,4.0,1.0,8.0
1259,6141,110,4.0,1.0,8.0
1260,6141,110,4.0,6.0,8.0
1261,6141,110,4.0,1.0,8.0
1262,6141,110,4.0,1.0,8.0
1263,9601,10,8.0,3.0,8.0
1264,9601,10,8.0,3.0,8.0
1265,9601,10,8.0,3.0,8.0
1266,9601,10,8.0,3.0,8.0
1267,9601,10,8.0,3.0,3.0
1268,9601,10,8.0,3.0,3.0
1269,9601,10,8.0,3.0,8.0
1270,9601,10,8.0,3.0,8.0
1271,9601,10,7.0,3.0,8.0
1272,9601,10,7.0,3.0,8.0
1273,9601,10,7.0,3.0,8.0
1274,9601,10,7.0,3.0,8.0
1275,9601,10,7.0,3.0,3.0
1276,9601,10,7.0,3.0,3.0
1277,9601,10,7.0,3.0,8.0
1278,9601,10,7.0,3.0,8.0
1279,6792,91,4.0,3.0,8.0
1280,6792,91,4.0,3.0,8.0
1281,6792,91,4.0,3.0,3.0
1282,6792,91,4.0,3.0,1.0
1283,6788,146,4.0,3.0,8.0
1284,6788,146,4.0,3.0,8.0
1285,6788,146,4.0,3.0,3.0
1286,6788,146,4.0,3.0,8.0
1287,6788,61,6.0,,
1288,6788,61,6.0,,
1289,6788,61,6.0,,
1290,6788,61,6.0,,
1291,6788,61,6.0,6.0,8.0
1292,6788,61,6.0,6.0,2.0
1293,9601,9,5.0,3.0,8.0
1294,9601,9,5.0,3.0,8.0
1295,9601,9,5.0,3.0,8.0
1296,9601,9,5.0,3.0,3.0
1297,9601,9,5.0,3.0,8.0
1298,6807,45,5.0,6.0,8.0
1299,6807,45,5.0,3.0,8.0
1300,6807,45,5.0,3.0,8.0
1301,6807,45,5.0,3.0,2.0
1302,6807,45,5.0,3.0,2.0
1303,6798,63,5.0,1.0,8.0
1304,6798,63,5.0,6.0,8.0
1305,6798,63,5.0,6.0,8.0
1306,6798,63,5.0,6.0,8.0
1307,6798,63,5.0,1.0,8.0
1308,6063,20,4.0,3.0,8.0
1309,6063,20,4.0,3.0,8.0
1310,6063,20,4.0,3.0,2.0
1311,6063,20,4.0,3.0,2.0
1312,6078,65,5.0,1.0,8.0
1313,6078,65,5.0,1.0,8.0
1314,6078,65,5.0,1.0,8.0
1315,6078,65,5.0,1.0,3.0
1316,6078,65,5.0,1.0,8.0
1317,6125,96,3.0,1.0,8.0
1318,6125,96,3.0,1.0,8.0
1319,6125,96,3.0,1.0,8.0
1320,7033,42,6.0,,
1321,7033,42,6.0,,
1322,7033,42,6.0,6.0,8.0
1323,7033,42,6.0,3.0,8.0
1324,7033,42,6.0,3.0,8.0
1325,7033,42,6.0,3.0,8.0
1326,7033,42,6.0,,
1327,7033,42,6.0,,
1328,7033,42,6.0,,
1329,7033,42,6.0,3.0,8.0
1330,7033,42,6.0,3.0,8.0
1331,5933,112,6.0,3.0,8.0
1332,5933,112,6.0,3.0,8.0
1333,5933,112,6.0,3.0,8.0
1334,5933,112,6.0,3.0,4.0
1335,5933,112,6.0,3.0,4.0
1336,5933,112,6.0,3.0,2.0
1337,7439,30,6.0,3.0,8.0
1338,7439,30,6.0,3.0,8.0
1339,7439,30,6.0,1.0,8.0
1340,7439,30,6.0,1.0,8.0
1341,7439,30,6.0,1.0,8.0
1342,7439,30,6.0,1.0,8.0
1343,9827,29,5.0,3.0,8.0
1344,9827,29,5.0,3.0,8.0
1345,9827,29,5.0,5.0,8.0
1346,9827,29,5.0,5.0,8.0
1347,9827,29,5.0,5.0,8.0
1348,10371,101,3.0,3.0,8.0
1349,10371,101,3.0,3.0,8.0
1350,10371,101,3.0,3.0,8.0
1351,7443,165,9.0,3.0,8.0
1352,7443,165,9.0,3.0,8.0
1353,7443,165,9.0,6.0,8.0
1354,7443,165,9.0,,
1355,7443,165,9.0,3.0,3.0
1356,7443,165,9.0,3.0,3.0
1357,7443,165,9.0,3.0,3.0
1358,7443,165,9.0,3.0,2.0
1359,7443,165,9.0,3.0,1.0
1360,5107,29,8.0,3.0,8.0
1361,5107,29,8.0,3.0,8.0
1362,5107,29,8.0,3.0,8.0
1363,5107,29,8.0,3.0,4.0
1364,5107,29,8.0,3.0,4.0
1365,5107,29,8.0,3.0,8.0
1366,5107,29,8.0,3.0,8.0
1367,5107,29,8.0,3.0,2.0
1368,5107,29,8.0,,
1369,5107,35,5.0,3.0,8.0
1370,5107,35,5.0,3.0,8.0
1371,5107,35,5.0,3.0,4.0
1372,5107,35,5.0,3.0,4.0
1373,5107,35,5.0,3.0,2.0
1374,9342,127,6.0,2.0,8.0
1375,9342,127,6.0,3.0,8.0
1376,9342,127,6.0,,
1377,9342,127,6.0,3.0,3.0
1378,9342,127,6.0,3.0,3.0
1379,9342,127,6.0,3.0,8.0
1380,9342,127,6.0,,
1381,9342,58,7.0,1.0,8.0
1382,9342,58,7.0,6.0,8.0
1383,9342,58,7.0,6.0,8.0
1384,9342,58,7.0,6.0,8.0
1385,9342,58,7.0,6.0,8.0
1386,9342,58,7.0,6.0,8.0
1387,9342,58,7.0,3.0,8.0
1388,5023,40,7.0,6.0,8.0
1389,5023,40,7.0,3.0,8.0
1390,5023,40,7.0,6.0,8.0
1391,5023,40,7.0,3.0,3.0
1392,5023,40,7.0,3.0,3.0
1393,5023,40,7.0,1.0,8.0
1394,5023,40,7.0,3.0,8.0
1395,5023,40,7.0,3.0,8.0
1396,5023,40,7.0,3.0,8.0
1397,5023,40,7.0,,
1398,5023,80,6.0,3.0,8.0
1399,5023,80,6.0,3.0,8.0
1400,5023,80,6.0,3.0,3.0
1401,5023,80,6.0,3.0,3.0
1402,5023,80,6.0,3.0,8.0
1403,5023,80,6.0,3.0,8.0
1404,5023,80,6.0,6.0,3.0
1405,5023,80,6.0,,
1406,5023,80,6.0,,
1407,5023,80,6.0,6.0,3.0
1408,5029,27,3.0,1.0,8.0
1409,5029,27,3.0,1.0,8.0
1410,5029,27,3.0,1.0,8.0
1411,5029,27,3.0,,
1412,5761,92,4.0,3.0,2.0
1413,5761,92,4.0,3.0,8.0
1414,5761,92,4.0,3.0,8.0
1415,5761,92,4.0,3.0,8.0
1416,10060,132,4.0,1.0,2.0
1417,10060,132,4.0,1.0,3.0
1418,10060,132,4.0,1.0,3.0
1419,10060,132,4.0,1.0,2.0
1420,10060,52,4.0,3.0,8.0
1421,10060,52,4.0,3.0,2.0
1422,10060,52,4.0,3.0,3.0
1423,10060,52,4.0,3.0,2.0
1424,9232,99,4.0,1.0,8.0
1425,9232,99,4.0,1.0,8.0
1426,9232,99,4.0,1.0,3.0
1427,9232,99,4.0,1.0,8.0
1428,9233,32,4.0,1.0,8.0
1429,9233,32,4.0,1.0,8.0
1430,9233,32,4.0,1.0,8.0
1431,9233,32,4.0,1.0,8.0
1432,9233,32,4.0,1.0,8.0
1433,7564,29,99.0,3.0,8.0
1434,7564,29,99.0,3.0,8.0
1435,7564,29,99.0,3.0,3.0
1436,7564,29,99.0,3.0,8.0
1437,7564,29,99.0,6.0,8.0
1438,7564,29,99.0,6.0,8.0
1439,7564,29,99.0,3.0,8.0
1440,7564,29,99.0,6.0,8.0
1441,7564,29,99.0,6.0,8.0
1442,7564,29,99.0,6.0,8.0
1443,7564,29,99.0,6.0,8.0
1444,8756,64,7.0,1.0,8.0
1445,8756,64,7.0,1.0,8.0
1446,8756,64,7.0,1.0,8.0
1447,8756,64,7.0,1.0,8.0
1448,8756,64,7.0,1.0,8.0
1449,8756,64,7.0,1.0,8.0
1450,8756,64,7.0,1.0,8.0
1451,8757,108,5.0,6.0,8.0
1452,8757,108,5.0,6.0,8.0
1453,8757,108,5.0,6.0,8.0
1454,8757,108,5.0,6.0,8.0
1455,8757,108,5.0,6.0,8.0
1456,6843,22,4.0,1.0,8.0
1457,6843,22,4.0,1.0,8.0
1458,6843,22,4.0,1.0,8.0
1459,6843,22,4.0,1.0,8.0
1460,6843,22,4.0,1.0,8.0
1461,6843,53,8.0,1.0,8.0
1462,6843,53,8.0,1.0,8.0
1463,6843,53,8.0,6.0,8.0
1464,6843,53,8.0,1.0,8.0
1465,6843,53,8.0,1.0,8.0
1466,6843,53,8.0,1.0,8.0
1467,6843,53,8.0,1.0,8.0
1468,6843,53,8.0,1.0,8.0
1469,6850,35,5.0,1.0,8.0
1470,6850,35,5.0,1.0,8.0
1471,6850,35,5.0,1.0,8.0
1472,6850,35,5.0,1.0,8.0
1473,6850,35,5.0,1.0,2.0
1474,8918,91,7.0,1.0,8.0
1475,8918,91,7.0,1.0,8.0
1476,8918,91,7.0,1.0,8.0
1477,8918,91,7.0,1.0,3.0
1478,8918,91,7.0,1.0,3.0
1479,8918,91,7.0,1.0,3.0
1480,8918,91,7.0,1.0,2.0
1481,8918,91,7.0,,
1482,8918,91,7.0,,
1483,7888,80,4.0,5.0,8.0
1484,7888,80,4.0,5.0,8.0
1485,7888,80,4.0,5.0,8.0
1486,7888,80,4.0,5.0,8.0
1487,7888,80,4.0,1.0,8.0
1488,9073,40,6.0,6.0,8.0
1489,9073,40,6.0,6.0,8.0
1490,9073,40,6.0,,
1491,9073,40,6.0,3.0,8.0
1492,9073,40,6.0,3.0,8.0
1493,9073,40,6.0,3.0,2.0
1494,10111,55,5.0,,
1495,10111,55,5.0,3.0,8.0
1496,10111,55,5.0,3.0,8.0
1497,10111,55,5.0,3.0,3.0
1498,10111,55,5.0,3.0,2.0
1499,8327,64,7.0,3.0,8.0
1500,8327,64,7.0,3.0,8.0
1501,8327,64,7.0,3.0,3.0
1502,8327,64,7.0,3.0,3.0
1503,8327,64,7.0,3.0,2.0
1504,8327,64,7.0,3.0,2.0
1505,8327,64,7.0,3.0,2.0
1506,8327,66,10.0,3.0,8.0
1507,8327,66,10.0,3.0,8.0
1508,8327,66,10.0,,
1509,8327,66,10.0,3.0,8.0
1510,8327,66,10.0,3.0,8.0
1511,8327,66,10.0,3.0,3.0
1512,8327,66,10.0,3.0,3.0
1513,8327,66,10.0,3.0,2.0
1514,8327,66,10.0,3.0,2.0
1515,8327,66,10.0,6.0,2.0
1516,8327,68,5.0,3.0,8.0
1517,8327,68,5.0,3.0,8.0
1518,8327,68,5.0,3.0,3.0
1519,8327,68,5.0,3.0,3.0
1520,8327,68,5.0,3.0,2.0
1521,8408,6,6.0,7.0,10.0
1522,8408,6,6.0,6.0,8.0
1523,8408,6,6.0,6.0,8.0
1524,8408,6,6.0,1.0,8.0
1525,8408,6,6.0,1.0,3.0
1526,8408,6,6.0,6.0,8.0
1527,6713,2,7.0,1.0,8.0
1528,6713,2,7.0,1.0,8.0
1529,6713,2,7.0,6.0,8.0
1530,6713,2,7.0,6.0,8.0
1531,6713,2,7.0,3.0,8.0
1532,6713,2,7.0,3.0,2.0
1533,6713,2,7.0,3.0,2.0
1534,6713,112,4.0,6.0,8.0
1535,6713,112,4.0,6.0,8.0
1536,6713,112,4.0,6.0,8.0
1537,6713,112,4.0,6.0,8.0
1538,6740,27,6.0,1.0,8.0
1539,6740,27,6.0,1.0,8.0
1540,6740,27,6.0,1.0,8.0
1541,6740,27,6.0,1.0,8.0
1542,6740,27,6.0,1.0,8.0
1543,6740,27,6.0,1.0,8.0
1544,6740,108,3.0,3.0,8.0
1545,6740,108,3.0,6.0,8.0
1546,6740,108,3.0,3.0,2.0
1547,7605,104,4.0,3.0,8.0
1548,7605,104,4.0,3.0,8.0
1549,7605,104,4.0,3.0,8.0
1550,7605,104,4.0,3.0,8.0
1551,7605,104,4.0,,
1552,7605,104,4.0,,
1553,7605,104,4.0,,
1554,10122,30,6.0,6.0,8.0
1555,10122,30,6.0,6.0,8.0
1556,10122,30,6.0,6.0,8.0
1557,10122,30,6.0,6.0,8.0
1558,10122,30,6.0,6.0,3.0
1559,10122,30,6.0,6.0,8.0
1560,10122,114,9.0,3.0,8.0
1561,10122,114,9.0,1.0,8.0
1562,10122,114,9.0,1.0,8.0
1563,10122,114,9.0,1.0,8.0
1564,10122,114,9.0,1.0,8.0
1565,10122,114,9.0,1.0,8.0
1566,10122,114,9.0,3.0,8.0
1567,10122,114,9.0,3.0,8.0
1568,10122,114,9.0,3.0,8.0
1569,10122,114,9.0,3.0,8.0
1570,10122,114,9.0,6.0,8.0
1571,10122,114,11.0,3.0,8.0
1572,10122,114,11.0,1.0,8.0
1573,10122,114,11.0,1.0,8.0
1574,10122,114,11.0,1.0,8.0
1575,10122,114,11.0,1.0,8.0
1576,10122,114,11.0,1.0,8.0
1577,10122,114,11.0,3.0,8.0
1578,10122,114,11.0,3.0,8.0
1579,10122,114,11.0,3.0,8.0
1580,10122,114,11.0,3.0,8.0
1581,10122,114,11.0,6.0,8.0
1582,5849,29,6.0,6.0,8.0
1583,5849,29,6.0,6.0,8.0
1584,5849,29,6.0,6.0,8.0
1585,5849,29,6.0,6.0,8.0
1586,5849,29,6.0,6.0,3.0
1587,5849,29,6.0,3.0,8.0
1588,5938,138,5.0,3.0,8.0
1589,5938,138,5.0,3.0,8.0
1590,5938,138,5.0,3.0,4.0
1591,5938,138,5.0,3.0,4.0
1592,5938,138,5.0,3.0,2.0
1593,7571,152,4.0,3.0,8.0
1594,7571,152,4.0,3.0,2.0
1595,7571,152,4.0,3.0,2.0
1596,7571,152,4.0,6.0,2.0
1597,7087,126,5.0,1.0,8.0
1598,7087,126,5.0,1.0,8.0
1599,7087,126,5.0,5.0,8.0
1600,7087,126,5.0,3.0,8.0
1601,7087,126,5.0,3.0,8.0
1602,8770,114,99.0,1.0,8.0
1603,8770,114,99.0,1.0,8.0
1604,8770,114,99.0,1.0,8.0
1605,8770,114,99.0,1.0,8.0
1606,8770,114,3.0,1.0,8.0
1607,8770,114,3.0,1.0,8.0
1608,8770,114,3.0,1.0,8.0
1609,8770,114,3.0,1.0,8.0
1610,5792,50,8.0,6.0,8.0
1611,5792,50,8.0,3.0,8.0
1612,5792,50,8.0,3.0,8.0
1613,5792,50,8.0,3.0,3.0
1614,5792,50,8.0,3.0,3.0
1615,5792,50,8.0,3.0,3.0
1616,5792,50,8.0,3.0,8.0
1617,5792,50,8.0,3.0,8.0
1618,5792,50,8.0,3.0,8.0
1619,5792,50,8.0,3.0,8.0
1620,9337,9,99.0,3.0,8.0
1621,9337,9,99.0,3.0,8.0
1622,9337,9,99.0,3.0,3.0
1623,9337,9,99.0,3.0,8.0
1624,9338,58,5.0,1.0,8.0
1625,9338,58,5.0,1.0,8.0
1626,9338,58,5.0,1.0,8.0
1627,9338,58,5.0,1.0,3.0
1628,9338,58,5.0,1.0,8.0
1629,9445,30,6.0,3.0,8.0
1630,9445,30,6.0,3.0,8.0
1631,9445,30,6.0,3.0,4.0
1632,9445,30,6.0,3.0,4.0
1633,9445,30,6.0,3.0,2.0
1634,9445,30,6.0,3.0,1.0
1635,5392,168,99.0,3.0,8.0
1636,5392,168,99.0,3.0,8.0
1637,5392,168,99.0,3.0,8.0
1638,5392,168,99.0,3.0,4.0
1639,5392,168,99.0,3.0,4.0
1640,5392,168,99.0,,
1641,5392,168,99.0,,
1642,5392,168,99.0,,
1643,5392,168,99.0,3.0,4.0
1644,9478,63,6.0,,
1645,9478,63,6.0,,
1646,9478,63,6.0,,
1647,9478,63,6.0,,
1648,9478,63,6.0,2.0,8.0
1649,9478,63,6.0,2.0,8.0
1650,9478,63,6.0,,
1651,9478,63,6.0,,
1652,9478,63,6.0,2.0,8.0
1653,7180,96,5.0,1.0,8.0
1654,7180,96,5.0,6.0,8.0
1655,7180,96,5.0,6.0,8.0
1656,7180,96,5.0,6.0,8.0
1657,7180,96,5.0,6.0,8.0
1658,7182,89,99.0,6.0,8.0
1659,7182,89,99.0,1.0,8.0
1660,7182,89,99.0,1.0,8.0
1661,7182,89,99.0,1.0,8.0
1662,7182,89,99.0,1.0,8.0
1663,7182,89,99.0,1.0,8.0
1664,8217,79,99.0,3.0,8.0
1665,8217,79,99.0,3.0,8.0
1666,8217,79,99.0,3.0,8.0
1667,8217,79,99.0,3.0,8.0
1668,8217,79,99.0,3.0,3.0
1669,8217,79,99.0,3.0,3.0
1670,8217,79,99.0,3.0,8.0
1671,8831,57,4.0,3.0,8.0
1672,8831,57,4.0,3.0,8.0
1673,8831,57,4.0,3.0,8.0
1674,8831,57,4.0,3.0,8.0
1675,9607,55,4.0,1.0,8.0
1676,9607,55,4.0,3.0,8.0
1677,9607,55,4.0,6.0,8.0
1678,9607,55,4.0,1.0,8.0
1679,8305,49,8.0,3.0,5.0
1680,8305,49,8.0,3.0,5.0
1681,8305,49,8.0,3.0,8.0
1682,8305,49,8.0,3.0,4.0
1683,8305,49,8.0,3.0,3.0
1684,8305,49,8.0,3.0,8.0
1685,8305,49,8.0,3.0,8.0
1686,8305,49,8.0,3.0,8.0
1687,8305,49,7.0,3.0,5.0
1688,8305,49,7.0,3.0,5.0
1689,8305,49,7.0,3.0,8.0
1690,8305,49,7.0,3.0,4.0
1691,8305,49,7.0,3.0,3.0
1692,8305,49,7.0,3.0,8.0
1693,8305,49,7.0,3.0,8.0
1694,8305,49,7.0,3.0,8.0
1695,9184,22,3.0,6.0,8.0
1696,9184,22,3.0,3.0,8.0
1697,9184,22,3.0,3.0,2.0
1698,9188,120,4.0,3.0,8.0
1699,9188,120,4.0,3.0,8.0
1700,9188,120,4.0,3.0,3.0
1701,9188,120,4.0,3.0,8.0
1702,9188,120,4.0,6.0,8.0
1703,5138,77,9.0,3.0,8.0
1704,5138,77,9.0,3.0,8.0
1705,5138,77,9.0,,
1706,5138,77,9.0,3.0,4.0
1707,5138,77,9.0,3.0,4.0
1708,5138,77,9.0,3.0,4.0
1709,5138,77,9.0,3.0,4.0
1710,5138,77,9.0,3.0,4.0
1711,5138,77,9.0,3.0,4.0
1712,5204,44,6.0,1.0,8.0
1713,5204,44,6.0,1.0,8.0
1714,5204,44,6.0,5.0,8.0
1715,5204,44,6.0,5.0,8.0
1716,5204,44,6.0,5.0,8.0
1717,5204,44,6.0,5.0,8.0
1718,5435,208,4.0,3.0,5.0
1719,5435,208,4.0,3.0,5.0
1720,5435,208,4.0,3.0,8.0
1721,5435,208,4.0,3.0,1.0
1722,6546,23,5.0,,
1723,6546,23,5.0,,
1724,6546,23,5.0,,
1725,6546,23,5.0,3.0,8.0
1726,6546,23,5.0,3.0,8.0
1727,6546,23,5.0,,
1728,6546,23,5.0,,
1729,6546,23,5.0,,
1730,6546,23,5.0,,
1731,6546,23,5.0,3.0,8.0
1732,6546,23,5.0,3.0,8.0
1733,6546,23,5.0,3.0,8.0
1734,6546,36,6.0,1.0,8.0
1735,6546,36,6.0,1.0,8.0
1736,6546,36,6.0,6.0,8.0
1737,6546,36,6.0,6.0,8.0
1738,6546,36,6.0,6.0,8.0
1739,6546,36,6.0,3.0,8.0
1740,6546,36,6.0,6.0,8.0
1741,6546,36,6.0,6.0,8.0
1742,6546,36,6.0,6.0,8.0
1743,6546,36,6.0,,
1744,6038,67,5.0,6.0,8.0
1745,6038,67,5.0,6.0,8.0
1746,6038,67,5.0,6.0,8.0
1747,6038,67,5.0,6.0,8.0
1748,6038,67,5.0,6.0,2.0
1749,8671,36,99.2,3.0,8.0
1750,8671,36,99.2,3.0,8.0
1751,8671,36,99.2,3.0,8.0
1752,8671,36,99.2,3.0,8.0
1753,8671,36,99.2,3.0,4.0
1754,8671,36,99.2,3.0,2.0
1755,8671,36,99.1,3.0,8.0
1756,8671,36,99.1,3.0,8.0
1757,8671,36,99.1,3.0,8.0
1758,8671,36,99.1,3.0,8.0
1759,8671,36,99.1,3.0,4.0
1760,8671,36,99.1,3.0,2.0
1761,8671,123,6.0,3.0,8.0
1762,8671,123,6.0,,
1763,8671,123,6.0,3.0,8.0
1764,8671,123,6.0,3.0,8.0
1765,8671,123,6.0,3.0,8.0
1766,8671,123,6.0,3.0,8.0
1767,5451,132,4.0,3.0,8.0
1768,5451,132,4.0,3.0,8.0
1769,5451,132,4.0,6.0,3.0
1770,5451,132,4.0,3.0,2.0
1771,9400,41,6.0,,
1772,9400,41,6.0,,
1773,9400,41,6.0,,
1774,9400,41,6.0,3.0,8.0
1775,9400,41,6.0,3.0,8.0
1776,9400,41,6.0,3.0,8.0
1777,10183,117,99.0,6.0,8.0
1778,10183,117,99.0,6.0,8.0
1779,10183,117,99.0,,
1780,10183,117,99.0,6.0,8.0
1781,10183,117,99.0,6.0,8.0
1782,10183,117,99.0,6.0,8.0
1783,10183,117,99.0,,
1784,10183,117,99.0,,
1785,10183,117,99.0,,
1786,10183,117,99.0,6.0,8.0
1787,5154,12,6.0,3.0,8.0
1788,5154,12,6.0,6.0,8.0
1789,5154,12,6.0,3.0,8.0
1790,5154,12,6.0,3.0,8.0
1791,5154,12,6.0,3.0,3.0
1792,5154,12,6.0,3.0,2.0
1793,5345,4,3.0,6.0,8.0
1794,5345,4,3.0,3.0,8.0
1795,5345,4,3.0,3.0,3.0
1796,5345,85,4.0,1.0,8.0
1797,5345,85,4.0,1.0,8.0
1798,5345,85,4.0,1.0,8.0
1799,5345,85,4.0,1.0,8.0
1800,5500,80,4.0,6.0,8.0
1801,5500,80,4.0,1.0,8.0
1802,5500,80,4.0,1.0,8.0
1803,5500,80,4.0,1.0,8.0
1804,5685,85,3.0,3.0,8.0
1805,5685,85,3.0,3.0,2.0
1806,5685,85,3.0,3.0,2.0
1807,8478,52,4.0,5.0,8.0
1808,8478,52,4.0,5.0,8.0
1809,8478,52,4.0,5.0,8.0
1810,8478,52,4.0,5.0,8.0
1811,8916,135,6.0,3.0,8.0
1812,8916,135,6.0,3.0,8.0
1813,8916,135,6.0,3.0,4.0
1814,8916,135,6.0,3.0,4.0
1815,8916,135,6.0,3.0,4.0
1816,8916,135,6.0,3.0,4.0
1817,8916,135,6.0,,
1818,5898,81,3.0,6.0,8.0
1819,5898,81,3.0,3.0,8.0
1820,5898,81,3.0,3.0,8.0
1821,7567,87,6.0,3.0,8.0
1822,7567,87,6.0,3.0,8.0
1823,7567,87,6.0,3.0,8.0
1824,7567,87,6.0,3.0,8.0
1825,7567,87,6.0,3.0,3.0
1826,7567,87,6.0,3.0,2.0
1827,9507,49,5.0,1.0,8.0
1828,9507,49,5.0,2.0,8.0
1829,9507,49,5.0,1.0,8.0
1830,9507,49,5.0,1.0,3.0
1831,9507,49,5.0,2.0,8.0
1832,9508,62,6.0,1.0,8.0
1833,9508,62,6.0,1.0,8.0
1834,9508,62,6.0,1.0,8.0
1835,9508,62,6.0,1.0,8.0
1836,9508,62,6.0,1.0,3.0
1837,9508,62,6.0,1.0,8.0
1838,9508,62,6.0,1.0,8.0
1839,6065,45,99.0,1.0,8.0
1840,6065,45,99.0,1.0,8.0
1841,6065,45,99.0,1.0,8.0
1842,6065,45,99.0,1.0,8.0
1843,6195,68,99.0,6.0,8.0
1844,6195,68,99.0,3.0,8.0
1845,6195,68,99.0,3.0,8.0
1846,6195,68,99.0,3.0,8.0
1847,6207,110,4.0,3.0,8.0
1848,6207,110,4.0,3.0,8.0
1849,6207,110,4.0,3.0,8.0
1850,6207,110,4.0,3.0,2.0
1851,7818,44,5.0,1.0,8.0
1852,7818,44,5.0,1.0,8.0
1853,7818,44,5.0,1.0,8.0
1854,7818,44,5.0,1.0,8.0
1855,7818,44,5.0,1.0,8.0
1856,7818,44,5.0,2.0,8.0
1857,7818,44,5.0,2.0,8.0
1858,7326,109,5.0,1.0,8.0
1859,7326,109,5.0,6.0,8.0
1860,7326,109,5.0,1.0,8.0
1861,7326,109,5.0,1.0,8.0
1862,7326,109,5.0,1.0,8.0
1863,7442,373,5.0,3.0,8.0
1864,7442,373,5.0,3.0,8.0
1865,7442,373,5.0,3.0,8.0
1866,7442,373,5.0,3.0,2.0
1867,7442,373,5.0,3.0,2.0
1868,9639,88,99.0,3.0,8.0
1869,9639,88,99.0,3.0,8.0
1870,9639,88,99.0,3.0,8.0
1871,9639,88,99.0,3.0,8.0
1872,9639,88,99.0,3.0,8.0
1873,9639,88,99.0,3.0,8.0
1874,9639,88,99.0,3.0,8.0
1875,9639,88,99.0,3.0,8.0
1876,9639,33,4.0,6.0,8.0
1877,9639,33,4.0,3.0,8.0
1878,9639,33,4.0,3.0,3.0
1879,9639,33,4.0,3.0,8.0
1880,9639,33,4.0,3.0,8.0
1881,9695,97,6.0,3.0,8.0
1882,9695,97,6.0,3.0,8.0
1883,9695,97,6.0,,
1884,9695,97,6.0,3.0,8.0
1885,9695,97,6.0,3.0,8.0
1886,9695,97,6.0,3.0,8.0
1887,5061,68,4.0,3.0,8.0
1888,5061,68,4.0,3.0,4.0
1889,5061,68,4.0,3.0,3.0
1890,5061,68,4.0,6.0,2.0
1891,6981,9,6.0,3.0,8.0
1892,6981,9,6.0,3.0,8.0
1893,6981,9,6.0,3.0,3.0
1894,6981,9,6.0,3.0,3.0
1895,6981,9,6.0,3.0,3.0
1896,6981,9,6.0,3.0,2.0
1897,7145,61,2.0,1.0,8.0
1898,7145,61,2.0,1.0,8.0
1899,7145,61,2.0,6.0,8.0
1900,7145,97,5.0,6.0,8.0
1901,7145,97,5.0,3.0,8.0
1902,7145,97,5.0,3.0,3.0
1903,7145,97,5.0,3.0,8.0
1904,7145,97,5.0,3.0,8.0
1905,7145,115,3.0,6.0,8.0
1906,7145,115,3.0,3.0,8.0
1907,7145,115,3.0,3.0,8.0
1908,6064,1,4.0,3.0,9.0
1909,6064,1,4.0,3.0,9.0
1910,6064,1,4.0,3.0,3.0
1911,6064,1,4.0,3.0,9.0
