,CONGLOME,VIVIENDA,ID,P367,P368_TIEMPO,P368_HORAS,P368_DIAS,P369,P370_MESES,P370_NS,P371,P371_AGUA,P371_FORMULA,P371_LECHE_ENVASADA,P371_LECHE_VACA,P371_JUGO,P371_OTRO,P371_CALDOS,P371_NINGUNO
0,5345,4,3.0,1,2.0,5.0,,2.0,24.0,,126,1,1,2,2,2,1,2,2
1,5351,1,6.0,1,1.0,,,2.0,24.0,,36,2,2,1,2,2,1,2,2
2,5384,6,7.0,1,1.0,,,1.0,,,146,1,2,2,1,2,1,2,2
3,6028,7,3.0,1,1.0,,,2.0,26.0,,136,1,2,1,2,2,1,2,2
4,6064,1,4.0,1,1.0,,,2.0,18.0,,367,2,2,1,2,2,1,1,2
5,6287,3,3.0,1,1.0,,,2.0,25.0,,13,1,2,1,2,2,2,2,2
6,6643,6,5.0,1,2.0,3.0,,1.0,,,16,1,2,2,2,2,1,2,2
7,6713,2,7.0,1,2.0,2.0,,1.0,,,1367,1,2,1,2,2,1,1,2
8,6809,5,6.0,1,1.0,,,1.0,,,16,1,2,2,2,2,1,2,2
9,6981,9,6.0,1,2.0,1.0,,1.0,,,134,1,2,1,1,2,2,2,2
10,7069,1,4.0,1,1.0,,,2.0,24.0,,167,1,2,2,2,2,1,1,2
11,7122,1,3.0,1,3.0,,5.0,2.0,27.0,,16,1,2,2,2,2,1,2,2
12,7333,8,7.0,1,1.0,,,2.0,19.0,,1356,1,2,1,2,1,1,2,2
13,7579,1,4.0,1,2.0,7.0,,2.0,5.0,,136,1,2,1,2,2,1,2,2
14,7606,7,7.0,1,1.0,,,2.0,14.0,,137,1,2,1,2,2,2,1,2
15,7692,7,4.0,1,2.0,1.0,,1.0,,,1356,1,2,1,2,1,1,2,2
16,8330,15,3.0,1,2.0,6.0,,2.0,26.0,,1356,1,2,1,2,1,1,2,2
17,8408,6,6.0,1,2.0,10.0,,2.0,14.0,,125,1,1,2,2,1,2,2,2
18,8863,3,7.0,1,3.0,,3.0,1.0,,,1256,1,1,2,2,1,1,2,2
19,9173,6,5.0,1,2.0,4.0,,2.0,20.0,,156,1,2,2,2,1,1,2,2
20,9179,9,8.0,1,1.0,,,2.0,20.0,,6,2,2,2,2,2,1,2,2
21,9277,2,4.0,1,2.0,2.0,,2.0,12.0,,36,2,2,1,2,2,1,2,2
22,9601,9,5.0,1,3.0,,2.0,2.0,14.0,,13,1,2,1,2,2,2,2,2
23,9719,3,5.0,1,2.0,1.0,,2.0,12.0,,1236,1,1,1,2,2,1,2,2
24,9720,5,6.0,1,1.0,,,2.0,14.0,,6,2,2,2,2,2,1,2,2
25,9756,2,5.0,1,2.0,7.0,,2.0,17.0,,17,1,2,2,2,2,2,1,2
26,9756,3,8.0,1,2.0,3.0,,2.0,15.0,,137,1,2,1,2,2,2,1,2
27,9820,4,6.0,1,2.0,3.0,,2.0,20.0,,135,1,2,1,2,1,2,2,2
28,10150,1,6.0,1,1.0,,,2.0,16.0,,5,2,2,2,2,1,2,2,2
29,10150,2,6.0,1,3.0,,1.0,1.0,,,1,1,2,2,2,2,2,2,2
30,5013,37,9.0,1,1.0,,,1.0,,,1567,1,2,2,2,1,1,1,2
31,5023,40,7.0,1,1.0,,,2.0,3.0,,2,2,1,2,2,2,2,2,2
32,5023,80,6.0,1,2.0,1.0,,1.0,,,16,1,2,2,2,2,1,2,2
33,5029,27,3.0,1,1.0,,,2.0,6.0,,1257,1,1,2,2,1,2,1,2
34,5061,68,4.0,1,1.0,,,2.0,24.0,,1357,1,2,1,2,1,2,1,2
35,5061,80,3.0,1,1.0,,,2.0,14.0,,13,1,2,1,2,2,2,2,2
36,5074,78,7.0,1,1.0,,,2.0,12.0,,1346,1,2,1,1,2,1,2,2
37,5074,81,8.0,1,,,,2.0,6.0,,167,1,2,2,2,2,1,1,2
38,5107,29,8.0,1,1.0,,,2.0,15.0,,13,1,2,1,2,2,2,2,2
39,5107,35,5.0,1,3.0,,1.0,2.0,12.0,,17,1,2,2,2,2,2,1,2
40,5130,18,5.0,1,1.0,,,2.0,24.0,,167,1,2,2,2,2,1,1,2
41,5132,68,7.0,1,1.0,,,1.0,,,167,1,2,2,2,2,1,1,2
42,5138,77,9.0,1,1.0,,,1.0,,,67,2,2,2,2,2,1,1,2
43,5154,12,6.0,1,1.0,,,2.0,16.0,,267,2,1,2,2,2,1,1,2
44,5184,21,4.0,1,2.0,4.0,,1.0,,,135,1,2,1,2,1,2,2,2
45,5204,44,6.0,1,2.0,5.0,,2.0,5.0,,13256,1,1,1,2,1,1,2,2
46,5224,61,5.0,1,1.0,,,1.0,,,157,1,2,2,2,1,2,1,2
47,5225,13,6.0,1,1.0,,,1.0,,,15,1,2,2,2,1,2,2,2
48,5230,11,4.0,1,2.0,14.0,,1.0,,,176,1,2,2,2,2,1,1,2
49,5260,56,6.0,1,2.0,4.0,,2.0,16.0,,26,2,1,2,2,2,1,2,2
50,5283,12,5.0,1,2.0,1.0,,2.0,13.0,,13,1,2,1,2,2,2,2,2
51,5283,90,5.0,1,1.0,,,1.0,,,1,1,2,2,2,2,2,2,2
52,5298,79,4.0,1,2.0,3.0,,1.0,,,1357,1,2,1,2,1,2,1,2
53,5372,54,99.0,1,2.0,1.0,,1.0,,,8,2,2,2,2,2,2,2,1
54,5345,85,4.0,1,3.0,,20.0,1.0,,,126,1,1,2,2,2,1,2,2
55,5427,29,5.0,1,1.0,,,1.0,,,167,1,2,2,2,2,1,1,2
56,5473,68,5.0,1,1.0,,,2.0,18.0,,12367,1,1,1,2,2,1,1,2
57,5500,80,4.0,1,1.0,,,1.0,,,13456,1,2,1,1,1,1,2,2
58,5555,84,3.0,1,1.0,,,1.0,,,67,2,2,2,2,2,1,1,2
59,5567,61,5.0,1,1.0,,,2.0,3.0,,1367,1,2,1,2,2,1,1,2
60,5622,43,4.0,1,1.0,,,1.0,,,367,2,2,1,2,2,1,1,2
61,5685,85,3.0,1,3.0,,1.0,2.0,20.0,,6,2,2,2,2,2,1,2,2
62,5761,92,4.0,1,1.0,,,2.0,6.0,,35,2,2,1,2,1,2,2,2
63,5764,47,7.0,1,1.0,,,1.0,,,167,1,2,2,2,2,1,1,2
64,5764,48,9.0,1,1.0,,,2.0,6.0,,136,1,2,1,2,2,1,2,2
65,5792,50,8.0,1,1.0,,,2.0,9.0,,67,2,2,2,2,2,1,1,2
66,5849,29,6.0,1,1.0,,,2.0,12.0,,1357,1,2,1,2,1,2,1,2
67,5898,81,3.0,1,2.0,1.0,,2.0,24.0,,6,2,2,2,2,2,1,2,2
68,5925,83,9.0,1,3.0,,3.0,2.0,1.0,,1367,1,2,1,2,2,1,1,2
69,5952,27,4.0,1,1.0,,,1.0,,,147,1,2,2,1,2,2,1,2
70,5952,28,4.0,1,1.0,,,2.0,24.0,,146,1,2,2,1,2,1,2,2
71,5952,63,5.0,1,1.0,,,1.0,,,456,2,2,2,1,1,1,2,2
72,5984,14,4.0,1,1.0,,,2.0,18.0,,1267,1,1,2,2,2,1,1,2
73,6038,67,5.0,1,2.0,3.0,,1.0,,,1367,1,2,1,2,2,1,1,2
74,6044,54,5.0,1,2.0,3.0,,2.0,23.0,,1356,1,2,1,2,1,1,2,2
75,6059,36,6.0,1,2.0,20.0,,2.0,6.0,,13467,1,2,1,1,2,1,1,2
76,6061,77,3.0,1,2.0,4.0,,1.0,,,16,1,2,2,2,2,1,2,2
77,6063,20,4.0,1,2.0,2.0,,1.0,,,136,1,2,1,2,2,1,2,2
78,6078,65,5.0,1,1.0,,,2.0,12.0,,136,1,2,1,2,2,1,2,2
79,6119,42,3.0,1,2.0,8.0,,2.0,23.0,,157,1,2,2,2,1,2,1,2
80,6125,96,3.0,1,2.0,5.0,,1.0,,,127,1,1,2,2,2,2,1,2
81,6251,58,6.0,1,1.0,,,2.0,18.0,,36,2,2,1,2,2,1,2,2
82,6266,86,4.0,1,1.0,,,2.0,21.0,,146,1,2,2,1,2,1,2,2
83,6287,77,5.0,1,1.0,,,2.0,11.0,,367,2,2,1,2,2,1,1,2
84,6298,42,5.0,1,1.0,,,2.0,18.0,,36,2,2,1,2,2,1,2,2
85,6322,22,7.0,1,1.0,,,1.0,,,1467,1,2,2,1,2,1,1,2
86,6343,32,8.0,1,2.0,1.0,,2.0,12.0,,167,1,2,2,2,2,1,1,2
87,6343,47,4.0,1,1.0,,,2.0,27.0,,167,1,2,2,2,2,1,1,2
88,6343,56,4.0,1,1.0,,,2.0,24.0,,167,1,2,2,2,2,1,1,2
89,6364,71,7.0,1,1.0,,,2.0,18.0,,16,1,2,2,2,2,1,2,2
90,6417,28,5.0,1,1.0,,,2.0,24.0,,56,2,2,2,2,1,1,2,2
91,6421,45,4.0,1,1.0,,,2.0,12.0,,13567,1,2,1,2,1,1,1,2
92,6433,36,5.0,1,1.0,,,1.0,,,37,2,2,1,2,2,2,1,2
93,6448,27,8.0,1,1.0,,,1.0,,,67,2,2,2,2,2,1,1,2
94,6483,81,6.0,1,2.0,3.0,,2.0,24.0,,367,2,2,1,2,2,1,1,2
95,6507,44,3.0,1,2.0,3.0,,1.0,,,13567,1,2,1,2,1,1,1,2
96,6546,23,5.0,1,2.0,7.0,,1.0,,,167,1,2,2,2,2,1,1,2
97,6546,36,6.0,1,2.0,1.0,,2.0,14.0,,148,1,2,2,1,2,2,2,2
98,6569,45,7.0,1,1.0,,,2.0,7.0,,15,1,2,2,2,1,2,2,2
99,6569,47,6.0,1,1.0,,,2.0,3.0,,1356,1,2,1,2,1,1,2,2
100,6584,57,6.0,1,2.0,2.0,,1.0,,,137,1,2,1,2,2,2,1,2
101,6602,42,4.0,1,1.0,,,2.0,6.0,,1367,1,2,1,2,2,1,1,2
102,6602,42,5.0,1,1.0,,,1.0,,,1367,1,2,1,2,2,1,1,2
103,6602,44,5.0,1,1.0,,,1.0,,,13467,1,2,1,1,2,1,1,2
104,6621,94,5.0,1,1.0,,,1.0,,,167,1,2,2,2,2,1,1,2
105,6643,24,5.0,1,2.0,1.0,,2.0,6.0,,16,1,2,2,2,2,1,2,2
106,6651,55,4.0,1,2.0,1.0,,1.0,,,137,1,2,1,2,2,2,1,2
107,6652,94,5.0,1,1.0,,,2.0,18.0,,36,2,2,1,2,2,1,2,2
108,6712,53,6.0,1,1.0,,,1.0,,,136,1,2,1,2,2,1,2,2
109,6740,27,6.0,1,3.0,,1.0,2.0,,,367,2,2,1,2,2,1,1,2
110,6788,61,6.0,1,3.0,,2.0,1.0,,,367,2,2,1,2,2,1,1,2
111,6792,91,4.0,1,1.0,,,2.0,1.0,,136,1,2,1,2,2,1,2,2
112,6798,63,5.0,2,,,,,,,1367,1,2,1,2,2,1,1,2
113,6807,45,5.0,1,2.0,2.0,,2.0,8.0,,136,1,2,1,2,2,1,2,2
114,6809,81,6.0,1,2.0,3.0,,2.0,0.0,,1367,1,2,1,2,2,1,1,2
115,6843,53,8.0,1,1.0,,,1.0,,,13567,1,2,1,2,1,1,1,2
116,6850,35,5.0,1,2.0,1.0,,1.0,,,1367,1,2,1,2,2,1,1,2
117,6905,97,4.0,1,1.0,,,2.0,19.0,,1367,1,2,1,2,2,1,1,2
118,6960,98,7.0,1,2.0,3.0,,2.0,4.0,,13567,1,2,1,2,1,1,1,2
119,6981,51,4.0,1,2.0,5.0,,1.0,,,67,2,2,2,2,2,1,1,2
120,7033,42,6.0,1,2.0,1.0,,1.0,,,67,2,2,2,2,2,1,1,2
121,7033,46,6.0,1,2.0,9.0,,1.0,,,167,1,2,2,2,2,1,1,2
122,7101,7,99.0,1,3.0,,1.0,1.0,,,157,1,2,2,2,1,2,1,2
123,7145,61,2.0,1,2.0,2.0,,2.0,20.0,,17,1,2,2,2,2,2,1,2
124,7145,97,5.0,1,2.0,2.0,,1.0,,,1357,1,2,1,2,1,2,1,2
125,7158,13,4.0,1,2.0,3.0,,1.0,,,157,1,2,2,2,1,2,1,2
126,7180,96,5.0,1,1.0,,,2.0,24.0,,1356,1,2,1,2,1,1,2,2
127,7203,80,4.0,1,1.0,,,2.0,24.0,,136,1,2,1,2,2,1,2,2
128,7207,42,4.0,1,1.0,,,2.0,12.0,,137,1,2,1,2,2,2,1,2
129,7207,86,3.0,1,3.0,,4.0,1.0,,,136,1,2,1,2,2,1,2,2
130,7208,73,7.0,1,2.0,5.0,,1.0,,,17,1,2,2,2,2,2,1,2
131,7239,20,6.0,1,2.0,4.0,,2.0,15.0,,1467,1,2,2,1,2,1,1,2
132,7239,20,9.0,1,2.0,2.0,,2.0,20.0,,1357,1,2,1,2,1,2,1,2
133,7241,84,6.0,1,2.0,3.0,,2.0,12.0,,1,1,2,2,2,2,2,2,2
134,7246,25,3.0,1,2.0,1.0,,1.0,,,157,1,2,2,2,1,2,1,2
135,7246,26,5.0,1,1.0,,,2.0,18.0,,157,1,2,2,2,1,2,1,2
136,7246,60,4.0,1,1.0,,,1.0,,,137,1,2,1,2,2,2,1,2
137,7248,86,9.0,1,3.0,,1.0,2.0,22.0,,167,1,2,2,2,2,1,1,2
138,7248,87,7.0,1,2.0,1.0,,2.0,24.0,,15,1,2,2,2,1,2,2,2
139,7248,88,5.0,1,1.0,,,1.0,,,367,2,2,1,2,2,1,1,2
140,7279,75,4.0,1,1.0,,,2.0,12.0,,147,1,2,2,1,2,2,1,2
141,7279,76,4.0,1,1.0,,,2.0,20.0,,1567,1,2,2,2,1,1,1,2
142,7302,23,5.0,1,3.0,,1.0,1.0,,,13567,1,2,1,2,1,1,1,2
143,7333,8,99.0,1,1.0,,,1.0,,,15,1,2,2,2,1,2,2,2
144,7397,55,6.0,1,1.0,,,1.0,,,1257,1,1,2,2,1,2,1,2
145,7439,30,6.0,1,2.0,5.0,,2.0,18.0,,136,1,2,1,2,2,1,2,2
146,7446,10,8.0,1,2.0,1.0,,2.0,15.0,,1267,1,1,2,2,2,1,1,2
147,7460,60,4.0,1,2.0,3.0,,1.0,,,1267,1,1,2,2,2,1,1,2
148,7511,56,3.0,1,1.0,,,1.0,,,124567,1,1,2,1,1,1,1,2
149,7529,60,6.0,1,1.0,,,2.0,14.0,,136,1,2,1,2,2,1,2,2
150,7529,80,5.0,1,1.0,,,1.0,,,13457,1,2,1,1,1,2,1,2
151,7531,55,8.0,1,2.0,5.0,,1.0,,,1267,1,1,2,2,2,1,1,2
152,7541,23,3.0,1,2.0,6.0,,1.0,,,127,1,1,2,2,2,2,1,2
153,7546,36,5.0,1,1.0,,,1.0,,,1357,1,2,1,2,1,2,1,2
154,7554,90,8.0,1,1.0,,,2.0,5.0,,1367,1,2,1,2,2,1,1,2
155,7567,59,6.0,1,2.0,2.0,,1.0,,,1357,1,2,1,2,1,2,1,2
156,7567,87,6.0,1,1.0,,,1.0,,,1367,1,2,1,2,2,1,1,2
157,7574,69,6.0,1,2.0,5.0,,1.0,,,23567,2,1,1,2,1,1,1,2
158,7582,45,4.0,1,1.0,,,1.0,,,16,1,2,2,2,2,1,2,2
159,7601,84,4.0,1,2.0,1.0,,2.0,14.0,,137,1,2,1,2,2,2,1,2
160,7615,43,5.0,1,2.0,2.0,,2.0,14.0,,1356,1,2,1,2,1,1,2,2
161,7615,87,4.0,1,1.0,,,1.0,,,367,2,2,1,2,2,1,1,2
162,7623,85,7.0,1,1.0,,,2.0,14.0,,367,2,2,1,2,2,1,1,2
163,7630,81,8.0,1,3.0,,3.0,2.0,12.0,,1367,1,2,1,2,2,1,1,2
164,7650,65,7.0,1,2.0,10.0,,1.0,,,1367,1,2,1,2,2,1,1,2
165,7703,55,7.0,1,1.0,,,2.0,16.0,,126,1,1,2,2,2,1,2,2
166,7798,68,5.0,1,1.0,,,1.0,,,167,1,2,2,2,2,1,1,2
167,7812,61,8.0,1,2.0,15.0,,2.0,3.0,,367,2,2,1,2,2,1,1,2
168,7818,44,5.0,1,2.0,8.0,,1.0,,,1,1,2,2,2,2,2,2,2
169,7888,80,4.0,1,2.0,5.0,,2.0,6.0,,12,1,1,2,2,2,2,2,2
170,7921,50,5.0,1,2.0,7.0,,1.0,,,367,2,2,1,2,2,1,1,2
171,7943,23,6.0,1,2.0,2.0,,1.0,,,17,1,2,2,2,2,2,1,2
172,7943,58,6.0,1,2.0,3.0,,1.0,,,13567,1,2,1,2,1,1,1,2
173,7960,80,4.0,1,2.0,2.0,,2.0,24.0,,36,2,2,1,2,2,1,2,2
174,7977,31,6.0,1,1.0,,,2.0,18.0,,1367,1,2,1,2,2,1,1,2
175,7992,38,8.0,1,1.0,,,1.0,,,137,1,2,1,2,2,2,1,2
176,8013,39,7.0,1,1.0,,,2.0,5.0,,12567,1,1,2,2,1,1,1,2
177,8013,74,5.0,1,2.0,4.0,,1.0,,,357,2,2,1,2,1,2,1,2
178,8110,83,5.0,1,2.0,1.0,,2.0,12.0,,1367,1,2,1,2,2,1,1,2
179,8120,26,7.0,1,2.0,1.0,,2.0,2.0,,126,1,1,2,2,2,1,2,2
180,8131,93,5.0,1,1.0,,,1.0,,,36,2,2,1,2,2,1,2,2
181,8131,94,3.0,1,1.0,,,1.0,,,1367,1,2,1,2,2,1,1,2
182,8188,47,4.0,1,2.0,2.0,,2.0,12.0,,1367,1,2,1,2,2,1,1,2
183,8188,96,4.0,1,2.0,4.0,,2.0,14.0,,156,1,2,2,2,1,1,2,2
184,8281,19,6.0,1,3.0,,12.0,2.0,15.0,,36,2,2,1,2,2,1,2,2
185,8281,19,9.0,1,1.0,,,2.0,12.0,,1567,1,2,2,2,1,1,1,2
186,8282,73,4.0,1,1.0,,,2.0,18.0,,1356,1,2,1,2,1,1,2,2
187,8305,49,7.0,1,2.0,2.0,,2.0,10.0,,1356,1,2,1,2,1,1,2,2
188,8305,49,8.0,1,2.0,2.0,,2.0,10.0,,1356,1,2,1,2,1,1,2,2
189,8307,39,6.0,1,2.0,1.0,,2.0,12.0,,16,1,2,2,2,2,1,2,2
190,8307,90,5.0,1,2.0,1.0,,2.0,15.0,,136,1,2,1,2,2,1,2,2
191,8315,17,3.0,1,2.0,1.0,,2.0,11.0,,1367,1,2,1,2,2,1,1,2
192,8315,44,7.0,1,2.0,1.0,,2.0,12.0,,36,2,2,1,2,2,1,2,2
193,8315,46,5.0,1,3.0,,31.0,2.0,12.0,,16,1,2,2,2,2,1,2,2
194,8315,52,8.0,1,2.0,1.0,,2.0,29.0,,1,1,2,2,2,2,2,2,2
195,8317,3,99.0,1,1.0,,,1.0,,,136,1,2,1,2,2,1,2,2
196,8317,68,7.0,1,2.0,1.0,,2.0,11.0,,167,1,2,2,2,2,1,1,2
197,8318,8,99.0,1,1.0,,,1.0,,,8,2,2,2,2,2,2,2,1
198,8327,64,7.0,1,1.0,,,1.0,,,6,2,2,2,2,2,1,2,2
199,8327,68,5.0,1,1.0,,,2.0,8.0,,16,1,2,2,2,2,1,2,2
200,8330,15,6.0,1,1.0,,,2.0,15.0,,15,1,2,2,2,1,2,2,2
201,8332,8,99.0,1,2.0,4.0,,1.0,,,8,2,2,2,2,2,2,2,1
202,8335,42,7.0,1,1.0,,,2.0,1.0,,167,1,2,2,2,2,1,1,2
203,8335,42,8.0,1,1.0,,,2.0,1.0,,167,1,2,2,2,2,1,1,2
204,8342,37,7.0,1,1.0,,,1.0,,,16,1,2,2,2,2,1,2,2
205,8368,55,5.0,1,1.0,,,2.0,12.0,,16,1,2,2,2,2,1,2,2
206,8461,34,3.0,1,1.0,,,1.0,,,136,1,2,1,2,2,1,2,2
207,8478,52,4.0,1,3.0,,2.0,2.0,18.0,,12,1,1,2,2,2,2,2,2
208,8485,4,99.0,1,3.0,,1.0,1.0,,,16,1,2,2,2,2,1,2,2
209,8509,61,6.0,1,2.0,6.0,,2.0,9.0,,12457,1,1,2,1,1,2,1,2
210,8615,82,6.0,1,1.0,,,1.0,,,236,2,1,1,2,2,1,2,2
211,8615,93,6.0,1,2.0,3.0,,1.0,,,367,2,2,1,2,2,1,1,2
212,8686,27,4.0,1,1.0,,,1.0,,,136,1,2,1,2,2,1,2,2
213,8694,61,5.0,1,1.0,,,1.0,,,1367,1,2,1,2,2,1,1,2
214,8707,82,5.0,1,2.0,1.0,,1.0,,,147,1,2,2,1,2,2,1,2
215,8729,65,4.0,1,1.0,,,2.0,25.0,,1367,1,2,1,2,2,1,1,2
216,8729,67,6.0,1,1.0,,,1.0,,,1367,1,2,1,2,2,1,1,2
217,8756,64,7.0,1,3.0,,4.0,1.0,,,16,1,2,2,2,2,1,2,2
218,8757,23,5.0,1,1.0,,,2.0,9.0,,135,1,2,1,2,1,2,2,2
219,8793,47,5.0,1,2.0,7.0,,2.0,18.0,,135,1,2,1,2,1,2,2,2
220,8811,31,8.0,1,1.0,,,2.0,12.0,,136,1,2,1,2,2,1,2,2
221,8831,57,4.0,1,1.0,,,1.0,,,136,1,2,1,2,2,1,2,2
222,8852,84,4.0,1,3.0,,1.0,1.0,,,1256,1,1,2,2,1,1,2,2
223,8857,71,5.0,1,2.0,1.0,,2.0,14.0,,1356,1,2,1,2,1,1,2,2
224,8900,7,99.0,1,3.0,,3.0,1.0,,,1567,1,2,2,2,1,1,1,2
225,8900,95,8.0,1,3.0,,3.0,1.0,,,167,1,2,2,2,2,1,1,2
226,8913,96,5.0,1,3.0,,1.0,2.0,19.0,,1356,1,2,1,2,1,1,2,2
227,8918,91,7.0,1,1.0,,,2.0,12.0,,1357,1,2,1,2,1,2,1,2
228,8965,38,4.0,1,3.0,,21.0,2.0,7.0,,57,2,2,2,2,1,2,1,2
229,9024,51,5.0,1,1.0,,,2.0,15.0,,137,1,2,1,2,2,2,1,2
230,9054,65,7.0,1,2.0,7.0,,2.0,18.0,,14567,1,2,2,1,1,1,1,2
231,9054,86,5.0,1,2.0,3.0,,2.0,18.0,,147,1,2,2,1,2,2,1,2
232,9063,17,6.0,1,2.0,1.0,,2.0,12.0,,67,2,2,2,2,2,1,1,2
233,9063,71,6.0,1,2.0,1.0,,2.0,18.0,,367,2,2,1,2,2,1,1,2
234,9073,40,6.0,1,1.0,,,2.0,22.0,,67,2,2,2,2,2,1,1,2
235,9168,90,4.0,1,2.0,1.0,,2.0,13.0,,167,1,2,2,2,2,1,1,2
236,9173,93,5.0,1,2.0,1.0,,2.0,8.0,,1357,1,2,1,2,1,2,1,2
237,9179,73,9.0,1,2.0,1.0,,1.0,,,167,1,2,2,2,2,1,1,2
238,9184,22,3.0,1,3.0,,4.0,2.0,6.0,,567,2,2,2,2,1,1,1,2
239,9185,36,4.0,1,1.0,,,1.0,,,1367,1,2,1,2,2,1,1,2
240,9194,73,5.0,1,3.0,,2.0,2.0,20.0,,367,2,2,1,2,2,1,1,2
241,9218,15,5.0,1,1.0,,,2.0,5.0,,1356,1,2,1,2,1,1,2,2
242,9232,99,4.0,1,2.0,3.0,,2.0,13.0,,16,1,2,2,2,2,1,2,2
243,9233,32,4.0,1,2.0,1.0,,2.0,15.0,,1357,1,2,1,2,1,2,1,2
244,9248,9,99.0,1,2.0,1.0,,1.0,,,16,1,2,2,2,2,1,2,2
245,9249,39,7.0,1,2.0,2.0,,2.0,6.0,,367,2,2,1,2,2,1,1,2
246,9272,76,5.0,1,2.0,1.0,,2.0,12.0,,12567,1,1,2,2,1,1,1,2
247,9274,43,6.0,1,2.0,1.0,,2.0,24.0,,136,1,2,1,2,2,1,2,2
248,9317,78,4.0,1,1.0,,,1.0,,,167,1,2,2,2,2,1,1,2
249,9337,9,99.0,1,2.0,3.0,,1.0,,,136,1,2,1,2,2,1,2,2
250,9338,58,5.0,1,2.0,2.0,,1.0,,,136,1,2,1,2,2,1,2,2
251,9342,13,3.0,1,1.0,,,1.0,,,1567,1,2,2,2,1,1,1,2
252,9342,58,7.0,1,1.0,,,1.0,,,123567,1,1,1,2,1,1,1,2
253,9400,41,6.0,1,1.0,,,2.0,15.0,,356,2,2,1,2,1,1,2,2
254,9404,31,5.0,1,2.0,12.0,,2.0,20.0,,1367,1,2,1,2,2,1,1,2
255,9445,30,6.0,1,2.0,2.0,,2.0,17.0,,16,1,2,2,2,2,1,2,2
256,9450,83,6.0,1,1.0,,,1.0,,,167,1,2,2,2,2,1,1,2
257,9450,85,2.0,1,2.0,3.0,,2.0,8.0,,67,2,2,2,2,2,1,1,2
258,9478,63,6.0,1,2.0,7.0,,2.0,12.0,,136,1,2,1,2,2,1,2,2
259,9508,62,6.0,1,3.0,,1.0,2.0,1.0,,13,1,2,1,2,2,2,2,2
260,9539,3,99.0,1,2.0,20.0,,1.0,,,8,2,2,2,2,2,2,2,1
261,9568,21,4.0,1,1.0,,,2.0,11.0,,167,1,2,2,2,2,1,1,2
262,9601,10,7.0,1,2.0,3.0,,2.0,6.0,,136,1,2,1,2,2,1,2,2
263,9601,10,8.0,1,2.0,3.0,,2.0,6.0,,136,1,2,1,2,2,1,2,2
264,9607,55,4.0,1,1.0,,,2.0,21.0,,1237,1,1,1,2,2,2,1,2
265,9638,64,6.0,1,1.0,,,2.0,20.0,,1367,1,2,1,2,2,1,1,2
266,9639,33,4.0,1,1.0,,,2.0,13.0,,135,1,2,1,2,1,2,2,2
267,9695,97,6.0,1,2.0,2.0,,2.0,,,1367,1,2,1,2,2,1,1,2
268,9719,3,99.0,1,2.0,1.0,,1.0,,,2,2,1,2,2,2,2,2,2
269,9735,50,5.0,1,1.0,,,1.0,,,1236,1,1,1,2,2,1,2,2
270,9736,33,5.0,1,1.0,,,2.0,14.0,,16,1,2,2,2,2,1,2,2
271,9736,33,6.0,1,1.0,,,2.0,11.0,,6,2,2,2,2,2,1,2,2
272,9740,56,3.0,1,1.0,,,1.0,,,1567,1,2,2,2,1,1,1,2
273,9770,15,6.0,1,2.0,1.0,,1.0,,,157,1,2,2,2,1,2,1,2
274,9827,29,5.0,1,3.0,,30.0,1.0,,,1357,1,2,1,2,1,2,1,2
275,9943,5,99.2,1,1.0,,,1.0,,,8,2,2,2,2,2,2,2,1
276,9943,5,99.1,1,2.0,1.0,,1.0,,,16,1,2,2,2,2,1,2,2
277,10012,63,7.0,1,2.0,4.0,,2.0,12.0,,137,1,2,1,2,2,2,1,2
278,10012,7,99.0,1,2.0,2.0,,1.0,,,36,2,2,1,2,2,1,2,2
279,10020,62,7.0,1,1.0,,,1.0,,,14567,1,2,2,1,1,1,1,2
280,10060,52,4.0,1,2.0,30.0,,1.0,,,156,1,2,2,2,1,1,2,2
281,10080,67,3.0,1,2.0,1.0,,1.0,,,137,1,2,1,2,2,2,1,2
282,10111,55,5.0,1,3.0,,7.0,1.0,,,56,2,2,2,2,1,1,2,2
283,10122,30,6.0,1,3.0,,7.0,2.0,12.0,,36,2,2,1,2,2,1,2,2
284,10122,44,7.0,1,3.0,,30.0,1.0,,,367,2,2,1,2,2,1,1,2
285,10210,45,3.0,1,1.0,,,1.0,,,1367,1,2,1,2,2,1,1,2
286,10323,48,7.0,1,1.0,,,2.0,1.0,,1356,1,2,1,2,1,1,2,2
287,10327,90,6.0,1,1.0,,,1.0,,,36,2,2,1,2,2,1,2,2
288,10327,91,7.0,1,1.0,,,2.0,9.0,,16,1,2,2,2,2,1,2,2
289,10359,30,5.0,1,2.0,22.0,,2.0,14.0,,1367,1,2,1,2,2,1,1,2
290,10380,11,7.0,1,2.0,2.0,,1.0,,,567,2,2,2,2,1,1,1,2
291,10380,55,5.0,1,2.0,3.0,,2.0,12.0,,1367,1,2,1,2,2,1,1,2
292,5013,139,6.0,1,2.0,2.0,,2.0,25.0,,12567,1,1,2,2,1,1,1,2
293,5074,157,8.0,1,1.0,,,2.0,12.0,,16,1,2,2,2,2,1,2,2
294,5074,160,6.0,1,2.0,1.0,,2.0,12.0,,16,1,2,2,2,2,1,2,2
295,5074,78,99.0,1,1.0,,,1.0,,,8,2,2,2,2,2,2,2,1
296,5074,80,99.0,1,1.0,,,1.0,,,67,2,2,2,2,2,1,1,2
297,5224,138,4.0,1,1.0,,,1.0,,,13567,1,2,1,2,1,1,1,2
298,5241,106,4.0,1,1.0,,,2.0,15.0,,1367,1,2,1,2,2,1,1,2
299,5286,103,5.0,1,1.0,,,1.0,,,167,1,2,2,2,2,1,1,2
300,5392,167,3.0,1,2.0,1.0,,2.0,20.0,,35,2,2,1,2,1,2,2,2
301,5408,119,7.0,1,1.0,,,1.0,,,167,1,2,2,2,2,1,1,2
302,5435,208,4.0,1,2.0,3.0,,2.0,16.0,,67,2,2,2,2,2,1,1,2
303,5451,132,4.0,1,2.0,4.0,,1.0,,,137,1,2,1,2,2,2,1,2
304,5567,100,5.0,1,1.0,,,2.0,19.0,,13567,1,2,1,2,1,1,1,2
305,5567,100,4.0,1,2.0,1.0,,1.0,,,36,2,2,1,2,2,1,2,2
306,5764,48,99.0,1,1.0,,,1.0,,,23,2,1,1,2,2,2,2,2
307,5767,101,7.0,1,1.0,,,1.0,,,13467,1,2,1,1,2,1,1,2
308,5785,241,4.0,1,1.0,,,1.0,,,1567,1,2,2,2,1,1,1,2
309,5785,244,4.0,1,1.0,,,1.0,,,16,1,2,2,2,2,1,2,2
310,5785,250,6.0,1,1.0,,,1.0,,,36,2,2,1,2,2,1,2,2
311,5810,129,5.0,1,2.0,1.0,,2.0,20.0,,167,1,2,2,2,2,1,1,2
312,5933,112,6.0,1,1.0,,,2.0,22.0,,147,1,2,2,1,2,2,1,2
313,5933,113,7.0,1,1.0,,,2.0,16.0,,467,2,2,2,1,2,1,1,2
314,5938,138,5.0,1,1.0,,,1.0,,,4,2,2,2,1,2,2,2,2
315,5978,159,5.0,1,1.0,,,2.0,18.0,,67,2,2,2,2,2,1,1,2
316,6065,45,99.0,1,2.0,1.0,,1.0,,,8,2,2,2,2,2,2,2,1
317,6092,139,4.0,1,2.0,12.0,,1.0,,,6,2,2,2,2,2,1,2,2
318,6095,19,12.0,1,2.0,4.0,,2.0,,,1367,1,2,1,2,2,1,1,2
319,6098,140,5.0,1,2.0,2.0,,2.0,0.0,,12567,1,1,2,2,1,1,1,2
320,6126,147,6.0,1,2.0,7.0,,2.0,2.0,,136,1,2,1,2,2,1,2,2
321,6141,110,4.0,1,2.0,1.0,,1.0,,,1,1,2,2,2,2,2,2,2
322,6179,159,4.0,1,2.0,2.0,,1.0,,,137,1,2,1,2,2,2,1,2
323,6195,68,99.0,1,1.0,,,2.0,6.0,,67,2,2,2,2,2,1,1,2
324,6207,110,4.0,1,2.0,1.0,,1.0,,,1,1,2,2,2,2,2,2,2
325,6292,65,99.0,1,1.0,,,1.0,,,8,2,2,2,2,2,2,2,1
326,6298,107,3.0,1,2.0,9.0,,2.0,8.0,,356,2,2,1,2,1,1,2,2
327,6314,199,6.0,1,1.0,,,1.0,,,67,2,2,2,2,2,1,1,2
328,6417,181,6.0,1,1.0,,,1.0,,,1356,1,2,1,2,1,1,2,2
329,6460,101,7.0,1,1.0,,,1.0,,,67,2,2,2,2,2,1,1,2
330,6483,225,6.0,1,2.0,2.0,,1.0,,,156,1,2,2,2,1,1,2,2
331,6483,72,99.0,1,1.0,,,1.0,,,8,2,2,2,2,2,2,2,1
332,6569,137,4.0,1,1.0,,,2.0,15.0,,16,1,2,2,2,2,1,2,2
333,6572,114,8.0,1,1.0,,,2.0,18.0,,15,1,2,2,2,1,2,2,2
334,6572,118,5.0,1,1.0,,,2.0,14.0,,7,2,2,2,2,2,2,1,2
335,6581,82,99.0,1,1.0,,,1.0,,,1,1,2,2,2,2,2,2,2
336,6595,143,6.0,1,2.0,3.0,,1.0,,,146,1,2,2,1,2,1,2,2
337,6597,166,5.0,1,1.0,,,2.0,16.0,,13,1,2,1,2,2,2,2,2
338,6651,194,4.0,1,2.0,1.0,,1.0,,,17,1,2,2,2,2,2,1,2
339,6651,194,7.0,1,2.0,2.0,,1.0,,,67,2,2,2,2,2,1,1,2
340,6652,102,5.0,1,1.0,,,1.0,,,67,2,2,2,2,2,1,1,2
341,6713,112,4.0,1,1.0,,,2.0,18.0,,346,2,2,1,1,2,1,2,2
342,6740,108,3.0,1,1.0,,,1.0,,,13467,1,2,1,1,2,1,1,2
343,6788,146,4.0,1,2.0,5.0,,2.0,0.0,,13567,1,2,1,2,1,1,1,2
344,6866,81,99.0,1,2.0,1.0,,1.0,,,6,2,2,2,2,2,1,2,2
345,6960,98,99.0,1,1.0,,,1.0,,,17,1,2,2,2,2,2,1,2
346,7002,49,99.0,1,1.0,,,1.0,,,6,2,2,2,2,2,1,2,2
347,7041,301,5.0,1,1.0,,,2.0,5.0,,267,2,1,2,2,2,1,1,2
348,7087,126,5.0,1,1.0,,,2.0,18.0,,123467,1,1,1,1,2,1,1,2
349,7108,101,5.0,2,,,,,,,127,1,1,2,2,2,2,1,2
350,7145,115,3.0,1,2.0,14.0,,2.0,12.0,,167,1,2,2,2,2,1,1,2
351,7182,89,99.0,1,2.0,2.0,,1.0,,,126,1,1,2,2,2,1,2,2
352,7208,112,4.0,1,2.0,2.0,,1.0,,,1367,1,2,1,2,2,1,1,2
353,7236,196,7.0,2,,,,,,,12,1,1,2,2,2,2,2,2
354,7241,211,6.0,1,2.0,8.0,,1.0,,,146,1,2,2,1,2,1,2,2
355,7248,88,99.0,1,2.0,5.0,,1.0,,,167,1,2,2,2,2,1,1,2
356,7253,77,99.0,1,3.0,,2.0,1.0,,,37,2,2,1,2,2,2,1,2
357,7279,76,99.0,1,1.0,,,1.0,,,8,2,2,2,2,2,2,2,1
358,7326,109,5.0,1,2.0,4.0,,2.0,12.0,,126,1,1,2,2,2,1,2,2
359,7339,136,7.0,1,2.0,7.0,,2.0,27.0,,167,1,2,2,2,2,1,1,2
360,7411,165,6.0,1,1.0,,,1.0,,,2567,2,1,2,2,1,1,1,2
361,7442,373,5.0,1,2.0,12.0,,2.0,18.0,,136,1,2,1,2,2,1,2,2
362,7443,165,9.0,1,1.0,,,2.0,21.0,,1,1,2,2,2,2,2,2,2
363,7446,126,5.0,1,2.0,4.0,,1.0,,,1367,1,2,1,2,2,1,1,2
364,7446,127,8.0,1,1.0,,,2.0,12.0,,135,1,2,1,2,1,2,2,2
365,7511,187,4.0,1,2.0,5.0,,2.0,16.0,,12567,1,1,2,2,1,1,1,2
366,7531,55,11.0,1,2.0,6.0,,2.0,18.0,,127,1,1,2,2,2,2,1,2
367,7549,67,99.0,1,1.0,,,1.0,,,8,2,2,2,2,2,2,2,1
368,7564,29,99.0,1,3.0,,3.0,1.0,,,2,2,1,2,2,2,2,2,2
369,7567,59,99.0,1,2.0,10.0,,1.0,,,125,1,1,2,2,1,2,2,2
370,7571,152,4.0,1,1.0,,,1.0,,,35,2,2,1,2,1,2,2,2
371,7577,153,4.0,1,2.0,4.0,,1.0,,,1256,1,1,2,2,1,1,2,2
372,7603,100,5.0,1,3.0,,45.0,1.0,,,135,1,2,1,2,1,2,2,2
373,7605,104,4.0,1,3.0,,3.0,1.0,,,137,1,2,1,2,2,2,1,2
374,7621,16,11.0,1,2.0,3.0,,1.0,,,136,1,2,1,2,2,1,2,2
375,7622,92,10.0,1,2.0,1.0,,1.0,,,1456,1,2,2,1,1,1,2,2
376,7628,156,3.0,1,2.0,2.0,,2.0,11.0,,147,1,2,2,1,2,2,1,2
377,7647,97,99.0,1,2.0,5.0,,1.0,,,8,2,2,2,2,2,2,2,1
378,7745,107,9.0,1,1.0,,,1.0,,,16,1,2,2,2,2,1,2,2
379,7898,190,4.0,1,2.0,8.0,,2.0,32.0,,1356,1,2,1,2,1,1,2,2
380,7921,103,5.0,1,2.0,10.0,,1.0,,,17,1,2,2,2,2,2,1,2
381,7962,12,99.0,1,2.0,1.0,,1.0,,,26,2,1,2,2,2,1,2,2
382,7992,132,7.0,1,3.0,,1.0,1.0,,,1367,1,2,1,2,2,1,1,2
383,8034,114,7.0,1,1.0,,,1.0,,,137,1,2,1,2,2,2,1,2
384,8188,128,9.0,1,2.0,1.0,,2.0,24.0,,1367,1,2,1,2,2,1,1,2
385,8201,157,3.0,1,1.0,,,2.0,13.0,,1257,1,1,2,2,1,2,1,2
386,8201,175,6.0,1,1.0,,,2.0,24.0,,67,2,2,2,2,2,1,1,2
387,8217,79,99.0,1,1.0,,,1.0,,,136,1,2,1,2,2,1,2,2
388,8238,122,4.0,1,3.0,,30.0,1.0,,,36,2,2,1,2,2,1,2,2
389,8245,102,6.0,2,,,,,,,126,1,1,2,2,2,1,2,2
390,8281,76,99.0,1,1.0,,,1.0,,,1,1,2,2,2,2,2,2,2
391,8307,114,7.0,1,2.0,2.0,,2.0,12.0,,17,1,2,2,2,2,2,1,2
392,8307,39,99.0,1,2.0,1.0,,1.0,,,8,2,2,2,2,2,2,2,1
393,8311,102,9.0,1,1.0,,,1.0,,,17,1,2,2,2,2,2,1,2
394,8317,68,99.0,1,2.0,2.0,,1.0,,,8,2,2,2,2,2,2,2,1
395,8318,100,8.0,1,2.0,1.0,,2.0,23.0,,3,2,2,1,2,2,2,2,2
396,8327,66,10.0,1,1.0,,,1.0,,,167,1,2,2,2,2,1,1,2
397,8330,106,7.0,1,2.0,3.0,,2.0,9.0,,135,1,2,1,2,1,2,2,2
398,8335,136,7.0,1,2.0,5.0,,2.0,14.0,,167,1,2,2,2,2,1,1,2
399,8335,137,6.0,1,3.0,,3.0,2.0,15.0,,367,2,2,1,2,2,1,1,2
400,8335,40,99.0,1,1.0,,,1.0,,,8,2,2,2,2,2,2,2,1
401,8440,199,3.0,1,3.0,,3.0,2.0,19.0,,16,1,2,2,2,2,1,2,2
402,8509,142,5.0,1,2.0,3.0,,2.0,2.0,,134,1,2,1,1,2,2,2,2
403,8596,102,9.0,1,3.0,,7.0,2.0,16.0,,17,1,2,2,2,2,2,1,2
404,8671,123,6.0,1,1.0,,,2.0,12.0,,267,2,1,2,2,2,1,1,2
405,8671,36,99.1,1,1.0,,,1.0,,,137,1,2,1,2,2,2,1,2
406,8671,36,99.2,1,2.0,1.0,,1.0,,,167,1,2,2,2,2,1,1,2
407,8676,149,8.0,1,1.0,,,1.0,,,13467,1,2,1,1,2,1,1,2
408,8676,65,99.0,1,1.0,,,1.0,,,8,2,2,2,2,2,2,2,1
409,8729,63,99.0,1,1.0,,,1.0,,,8,2,2,2,2,2,2,2,1
410,8757,108,5.0,1,2.0,4.0,,2.0,6.0,,136,1,2,1,2,2,1,2,2
411,8770,114,3.0,1,2.0,6.0,,2.0,12.0,,135,1,2,1,2,1,2,2,2
412,8811,31,99.0,1,1.0,,,1.0,,,136,1,2,1,2,2,1,2,2
413,8846,129,4.0,1,3.0,,2.0,2.0,12.0,,12567,1,1,2,2,1,1,1,2
414,8916,135,6.0,1,2.0,1.0,,2.0,18.0,,167,1,2,2,2,2,1,1,2
415,8918,218,6.0,1,2.0,1.0,,2.0,8.0,,367,2,2,1,2,2,1,1,2
416,8918,220,4.0,1,1.0,,,1.0,,,13,1,2,1,2,2,2,2,2
417,9049,200,5.0,1,2.0,20.0,,2.0,18.0,,367,2,2,1,2,2,1,1,2
418,9073,133,3.0,1,1.0,,,2.0,20.0,,67,2,2,2,2,2,1,1,2
419,9188,120,4.0,1,2.0,1.0,,1.0,,,167,1,2,2,2,2,1,1,2
420,9188,31,99.0,1,2.0,1.0,,1.0,,,8,2,2,2,2,2,2,2,1
421,9194,71,99.0,1,1.0,,,1.0,,,2,2,1,2,2,2,2,2,2
422,9257,105,6.0,1,1.0,,,2.0,0.0,,1367,1,2,1,2,2,1,1,2
423,9257,105,7.0,1,2.0,1.0,,2.0,12.0,,1357,1,2,1,2,1,2,1,2
424,9258,55,99.0,1,2.0,1.0,,2.0,11.0,,12376,1,1,1,2,2,1,1,2
425,9286,108,4.0,1,2.0,3.0,,2.0,24.0,,13,1,2,1,2,2,2,2,2
426,9286,114,5.0,1,2.0,1.0,,2.0,15.0,,36,2,2,1,2,2,1,2,2
427,9342,127,6.0,1,2.0,8.0,,1.0,,,13567,1,2,1,2,1,1,1,2
428,9400,70,99.0,1,1.0,,,1.0,,,8,2,2,2,2,2,2,2,1
429,9507,49,5.0,1,2.0,8.0,,2.0,7.0,,1235,1,1,1,2,1,2,2,2
430,9525,84,99.0,1,2.0,7.0,,2.0,5.0,,125,1,1,2,2,1,2,2,2
431,9639,88,99.0,1,2.0,2.0,,1.0,,,13,1,2,1,2,2,2,2,2
432,9650,55,99.0,1,2.0,2.0,,1.0,,,8,2,2,2,2,2,2,2,1
433,9659,116,5.0,1,1.0,,,2.0,16.0,,13567,1,2,1,2,1,1,1,2
434,9684,109,6.0,1,3.0,,1.0,2.0,12.0,,13567,1,2,1,2,1,1,1,2
435,9719,170,4.0,1,3.0,,1.0,2.0,17.0,,1256,1,1,2,2,1,1,2,2
436,9731,126,5.0,1,1.0,,,1.0,,,17,1,2,2,2,2,2,1,2
437,9731,130,3.0,1,1.0,,,1.0,,,167,1,2,2,2,2,1,1,2
438,9736,105,4.0,1,2.0,2.0,,1.0,,,136,1,2,1,2,2,1,2,2
439,9736,105,5.0,1,2.0,2.0,,1.0,,,136,1,2,1,2,2,1,2,2
440,9740,133,7.0,1,1.0,,,1.0,,,137,1,2,1,2,2,2,1,2
441,9740,135,4.0,1,1.0,,,2.0,18.0,,167,1,2,2,2,2,1,1,2
442,9740,55,99.0,1,1.0,,,1.0,,,8,2,2,2,2,2,2,2,1
443,9740,58,99.0,1,3.0,,2.0,1.0,,,8,2,2,2,2,2,2,2,1
444,9756,55,10.0,1,2.0,5.0,,2.0,24.0,,1357,1,2,1,2,1,2,1,2
445,9770,117,6.0,1,,,,2.0,12.0,,137,1,2,1,2,2,2,1,2
446,9770,14,99.0,1,2.0,1.0,,1.0,,,17,1,2,2,2,2,2,1,2
447,9820,19,99.0,1,2.0,1.0,,1.0,,,8,2,2,2,2,2,2,2,1
448,10060,132,4.0,1,2.0,1.0,,1.0,,,13,1,2,1,2,2,2,2,2
449,10080,101,5.0,1,2.0,4.0,,2.0,6.0,,36,2,2,1,2,2,1,2,2
450,10080,11,99.0,1,1.0,,,1.0,,,135,1,2,1,2,1,2,2,2
451,10122,114,9.0,1,2.0,3.0,,1.0,,,1367,1,2,1,2,2,1,1,2
452,10150,83,99.0,1,1.0,,,1.0,,,8,2,2,2,2,2,2,2,1
453,10175,113,4.0,1,1.0,,,1.0,,,1356,1,2,1,2,1,1,2,2
454,10176,137,4.0,1,1.0,,,2.0,18.0,,135,1,2,1,2,1,2,2,2
455,10245,110,6.0,1,1.0,,,2.0,24.0,,36,2,2,1,2,2,1,2,2
456,10254,157,4.0,1,3.0,,3.0,2.0,12.0,,1467,1,2,2,1,2,1,1,2
457,10262,160,7.0,1,2.0,1.0,,1.0,,,1367,1,2,1,2,2,1,1,2
458,10327,36,99.0,1,1.0,,,1.0,,,145,1,2,2,1,1,2,2,2
459,10327,91,99.0,1,1.0,,,1.0,,,6,2,2,2,2,2,1,2,2
460,10359,133,6.0,1,2.0,4.0,,2.0,16.0,,167,1,2,2,2,2,1,1,2
461,10359,135,8.0,1,1.0,,,2.0,12.0,,136,1,2,1,2,2,1,2,2
462,10371,101,3.0,1,2.0,8.0,,1.0,,,136,1,2,1,2,2,1,2,2
463,5074,160,99.0,1,1.0,,,1.0,,,8,2,2,2,2,2,2,2,1
464,5392,167,99.0,1,1.0,,,1.0,,,8,2,2,2,2,2,2,2,1
465,5392,168,99.0,1,1.0,,,1.0,,,8,2,2,2,2,2,2,2,1
466,5686,133,99.0,1,2.0,12.0,,1.0,,,367,2,2,1,2,2,1,1,2
467,5810,133,99.0,1,1.0,,,1.0,,,367,2,2,1,2,2,1,1,2
468,6065,113,99.0,1,2.0,3.0,,1.0,,,17,1,2,2,2,2,2,1,2
469,6352,351,99.0,1,1.0,,,1.0,,,456,2,2,2,1,1,1,2,2
470,6483,237,10.0,1,1.0,,,1.0,,,16,1,2,2,2,2,1,2,2
471,6569,127,99.0,1,2.0,15.0,,1.0,,,13,1,2,1,2,2,2,2,2
472,6595,141,99.0,1,2.0,2.0,,1.0,,,8,2,2,2,2,2,2,2,1
473,7108,241,99.0,1,2.0,4.0,,1.0,,,257,2,1,2,2,1,2,1,2
474,7241,214,99.0,1,1.0,,,1.0,,,1367,1,2,1,2,2,1,1,2
475,7446,127,99.0,1,3.0,,19.0,1.0,,,135,1,2,1,2,1,2,2,2
476,7446,128,99.0,1,1.0,,,1.0,,,7,2,2,2,2,2,2,1,2
477,7533,152,99.0,1,2.0,1.0,,1.0,,,12,1,1,2,2,2,2,2,2
478,7541,123,99.0,1,2.0,2.0,,1.0,,,2,2,1,2,2,2,2,2,2
479,7992,101,99.0,1,1.0,,,1.0,,,28,2,1,2,2,2,2,2,2
480,8055,181,99.0,1,1.0,,,1.0,,,2,2,1,2,2,2,2,2,2
481,8311,105,10.0,1,1.0,,,1.0,,,1,1,2,2,2,2,2,2,2
482,8318,101,99.0,1,2.0,1.0,,1.0,,,147,1,2,2,1,2,2,1,2
483,8770,114,99.0,1,1.0,,,1.0,,,12,1,1,2,2,2,2,2,2
484,8770,114,99.0,1,2.0,2.0,,1.0,,,8,2,2,2,2,2,2,2,1
485,8918,219,99.0,1,3.0,,1.0,1.0,,,157,1,2,2,2,1,2,1,2
486,9040,138,99.0,1,1.0,,,1.0,,,1257,1,1,2,2,1,2,1,2
487,9184,108,99.0,1,1.0,,,1.0,,,67,2,2,2,2,2,1,1,2
488,9287,142,99.0,1,2.0,1.0,,1.0,,,16,1,2,2,2,2,1,2,2
489,9607,105,10.0,1,1.0,,,1.0,,,3567,2,2,1,2,1,1,1,2
490,9719,109,99.0,1,1.0,,,1.0,,,2356,2,1,1,2,1,1,2,2
491,10122,114,11.0,1,2.0,4.0,,1.0,,,13467,1,2,1,1,2,1,1,2
492,10183,117,99.0,1,2.0,1.0,,2.0,3.0,,127,1,1,2,2,2,2,1,2
493,10262,161,99.0,1,2.0,2.0,,1.0,,,8,2,2,2,2,2,2,2,1
494,10380,142,14.0,1,2.0,1.0,,1.0,,,136,1,2,1,2,2,1,2,2
495,5155,213,99.0,1,1.0,,,1.0,,,6,2,2,2,2,2,1,2,2
