CONGLOME,VIVIENDA,ID,P101,P102,P103,P104,P105,P106,P107,P108,P109,P110,P111,P112,P113_BICICLETA,P113_MOTOCICLETA,P113_CARRO,P113_OTRO,P111_TEL_FIJO,P111_TEL_CELULAR,P111_CABLE,P111_INTERNET,P112_RADIO,P112_TELEVISOR,P112_COMPUTADORA,P112_HORNO,P112_LAVADORA,P112_REFRIGERADORA,P112_COCINA,P112_PLANCHA,P112_EQUIPO
5345,4,3.0,1,3,4,6,1,2,1,1,1,2,2,27,2,2,1,2,2,1,2,2,2,1,2,2,2,2,1,2,2
5384,6,7.0,1,8,4,6,1,5,1,4,3,6,2,129,2,1,2,1,2,1,2,2,1,1,2,2,2,2,2,2,1
6064,1,4.0,1,6,4,5,1,5,1,1,1,2,2,257,2,2,2,2,2,1,2,2,2,1,2,2,1,2,1,2,2
6287,3,3.0,1,3,4,6,7,4,1,2,1,6,2,12,2,2,2,2,2,1,2,2,1,1,2,2,2,2,2,2,2
6643,6,5.0,1,6,7,4,5,5,7,3,2,6,23,12,2,2,2,1,2,1,1,2,1,1,2,2,2,2,2,2,2
6713,2,7.0,1,1,5,5,1,1,1,3,2,2,2,279,2,2,2,2,2,1,2,2,2,1,2,2,2,2,1,2,1
6981,9,6.0,1,3,4,6,2,2,1,1,1,2,2,17,2,2,2,2,2,1,2,2,1,2,2,2,2,2,1,2,2
7069,1,4.0,1,6,4,6,7,2,5,2,2,6,2,1,2,2,2,2,2,1,2,2,1,2,2,2,2,2,2,2,2
7122,1,3.0,1,1,1,5,1,1,1,3,3,2,2,245789,2,2,1,2,2,1,2,2,2,1,2,1,1,2,1,1,1
7333,8,7.0,1,3,4,5,1,1,1,4,4,2,2,2,1,2,2,2,2,1,2,2,2,1,2,2,2,2,2,2,2
8408,6,6.0,1,1,4,5,1,1,1,2,2,2,1234,2345678,2,1,2,2,1,1,1,1,2,1,1,1,1,1,1,1,2
8863,3,7.0,1,7,4,6,1,5,1,4,3,5,2,1267,2,2,2,2,2,1,2,2,1,1,2,2,2,1,1,2,2
9173,6,5.0,1,3,4,5,1,1,1,4,3,2,234,23789,2,1,2,2,2,1,1,1,2,1,1,2,2,2,1,1,1
9601,9,5.0,1,3,4,6,2,2,1,3,2,6,2,127,2,1,2,2,2,1,2,2,1,1,2,2,2,2,1,2,2
9719,3,99.0,3,6,4,5,3,2,1,1,1,2,2,278,1,2,2,1,2,1,2,2,2,1,2,2,2,2,1,1,2
9719,3,5.0,3,6,4,5,3,2,1,1,1,2,2,278,1,2,2,1,2,1,2,2,2,1,2,2,2,2,1,1,2
9720,5,6.0,3,6,4,6,3,2,1,1,1,6,5,17,2,2,2,2,2,2,2,2,1,2,2,2,2,2,1,2,2
9756,3,8.0,1,6,4,4,5,7,6,3,1,6,5,1,2,1,2,2,2,2,2,2,1,2,2,2,2,2,2,2,2
10150,1,6.0,1,1,4,6,5,5,1,1,1,6,2,0,2,2,2,2,2,1,2,2,2,2,2,2,2,2,2,2,2
5013,37,9.0,1,1,4,5,1,1,1,6,5,2,12,126789,2,2,2,2,1,1,2,2,1,1,2,2,2,1,1,1,1
5023,40,7.0,1,6,4,6,1,1,1,1,1,2,2,27,2,2,2,2,2,1,2,2,2,1,2,2,2,2,1,2,2
5023,80,6.0,1,6,4,4,1,1,1,6,4,2,23,25678,2,2,2,1,2,1,1,2,2,1,2,2,1,1,1,1,2
5029,27,3.0,1,1,1,3,1,1,1,3,2,2,23,234678,2,2,2,2,2,1,1,2,2,1,1,1,2,1,1,1,2
5061,68,4.0,1,3,4,6,2,2,1,2,1,6,2,267,2,2,2,2,2,1,2,2,2,1,2,2,2,1,1,2,2
5107,29,8.0,1,6,4,6,2,5,1,1,1,6,2,27,2,2,2,1,2,1,2,2,2,1,2,2,2,2,1,2,2
5107,35,5.0,1,6,4,6,7,5,1,2,1,6,23,127,2,2,2,2,2,1,1,2,1,1,2,2,2,2,1,2,2
5130,18,5.0,1,3,4,4,4,5,1,4,2,6,2,1278,2,2,2,1,2,1,2,2,1,1,2,2,2,2,1,1,2
5138,77,9.0,1,3,4,6,5,3,1,2,2,6,2,17,2,2,2,1,2,1,2,2,1,2,2,2,2,2,1,2,2
5154,12,6.0,1,3,3,6,7,5,1,3,3,6,2,127,2,1,2,1,2,1,2,2,1,1,2,2,2,2,1,2,2
5184,21,4.0,1,1,1,3,1,1,1,3,2,2,2,2567,2,2,2,2,2,1,2,2,2,1,2,2,1,1,1,2,2
5204,44,6.0,1,1,1,1,1,1,1,8,6,2,1234,123456789,2,1,1,2,1,1,1,1,1,1,1,1,1,1,1,1,1
5224,61,5.0,1,1,1,5,1,1,1,4,3,2,23,1279,2,2,2,2,2,1,1,2,1,1,2,2,2,2,1,2,1
5225,13,6.0,1,3,4,5,1,1,1,3,2,2,32,256789,2,2,2,1,2,1,1,2,2,1,2,2,1,1,1,1,1
5230,11,4.0,1,1,1,5,1,1,1,3,2,2,23,125679,2,1,2,2,2,1,1,2,1,1,2,2,1,1,1,2,1
5283,12,5.0,1,3,4,6,5,4,7,4,4,6,2,0,2,2,2,2,2,1,2,2,2,2,2,2,2,2,2,2,2
5298,79,4.0,1,3,4,5,7,5,1,4,2,6,2,128,2,2,2,2,2,1,2,2,1,1,2,2,2,2,2,1,2
5345,85,4.0,1,1,1,3,1,1,1,3,2,2,1234,23456789,2,2,1,2,1,1,1,1,2,1,1,1,1,1,1,1,1
5473,68,5.0,1,1,1,2,1,1,1,2,1,2,234,123456789,1,2,1,2,2,1,1,1,1,1,1,1,1,1,1,1,1
5500,80,4.0,2,1,1,2,1,1,1,3,2,2,234,1245678,2,2,2,2,2,1,1,1,1,1,2,1,1,1,1,1,2
5555,84,3.0,1,1,1,3,2,4,1,2,2,2,2,12679,2,2,2,2,2,1,2,2,1,1,2,2,2,1,1,2,1
5622,43,4.0,1,2,4,5,1,1,1,1,1,2,2,124678,1,2,2,2,2,1,2,2,1,1,2,1,2,1,1,1,2
5685,85,3.0,1,3,4,6,1,1,1,1,1,2,2,1278,2,2,2,2,2,1,2,2,1,1,2,2,2,2,1,1,2
5761,92,4.0,1,3,4,5,1,1,1,2,2,2,2,127,2,2,2,2,2,1,2,2,1,1,2,2,2,2,1,2,2
5764,47,7.0,1,6,4,6,5,4,1,2,2,6,2,27,2,2,2,2,2,1,2,2,2,1,2,2,2,2,1,2,2
5764,48,99.0,1,6,4,6,3,7,1,1,1,6,5,0,2,2,2,2,2,2,2,2,2,2,2,2,2,2,2,2,2
5764,48,9.0,1,6,4,6,3,7,1,1,1,6,5,0,2,2,2,2,2,2,2,2,2,2,2,2,2,2,2,2,2
5792,50,8.0,1,1,1,5,7,5,1,2,2,6,2,127,2,2,2,2,2,1,2,2,1,1,2,2,2,2,1,2,2
5849,29,6.0,1,1,1,5,1,1,1,5,4,2,23,125678,1,2,1,2,2,1,1,2,1,1,2,2,1,1,1,1,2
5898,81,3.0,1,1,1,5,1,1,1,10,2,6,2,178,2,2,2,2,2,1,2,2,1,2,2,2,2,2,1,1,2
5925,83,9.0,1,3,4,5,7,5,1,3,2,6,23,26,1,2,2,2,2,1,1,2,2,1,2,2,2,1,2,2,2
5952,27,4.0,1,3,4,6,2,4,1,2,2,6,1,2,2,2,2,1,1,2,2,2,2,1,2,2,2,2,2,2,2
5952,28,4.0,1,3,4,5,5,5,1,2,2,6,2,1,2,2,2,2,2,1,2,2,1,2,2,2,2,2,2,2,2
5952,63,5.0,1,3,4,6,5,4,1,3,2,6,2,12,2,2,2,1,2,1,2,2,1,1,2,2,2,2,2,2,2
5984,14,4.0,1,3,4,5,7,5,1,1,1,6,2,17,2,1,2,2,2,1,2,2,1,2,2,2,2,2,1,2,2
6038,67,5.0,1,1,1,5,1,1,1,6,3,2,23,234567,2,2,2,2,2,1,1,2,2,1,1,1,1,1,1,2,2
6059,36,6.0,1,1,1,5,1,1,1,3,2,2,2,25678,2,2,2,2,2,1,2,2,2,1,2,2,1,1,1,1,2
6063,20,4.0,1,6,4,5,1,5,1,2,2,2,24,123456789,1,2,1,2,2,1,2,1,1,1,1,1,1,1,1,1,1
6078,65,5.0,1,6,4,5,1,5,1,2,2,2,24,23456789,2,2,2,2,2,1,2,1,2,1,1,1,1,1,1,1,1
6125,96,3.0,2,1,1,1,1,1,1,3,2,2,1234,123456789,2,2,2,2,1,1,1,1,1,1,1,1,1,1,1,1,1
6251,58,6.0,1,1,1,3,1,1,1,3,3,2,2,123456789,2,1,2,2,2,1,2,2,1,1,1,1,1,1,1,1,1
6266,86,4.0,1,3,4,6,1,1,1,2,1,2,2,1278,2,2,2,2,2,1,2,2,1,1,2,2,2,2,1,1,2
6287,77,5.0,1,5,7,6,7,5,1,1,1,6,5,0,2,2,2,2,2,2,2,2,2,2,2,2,2,2,2,2,2
6298,42,5.0,1,3,3,6,7,5,1,2,2,6,2,19,2,2,2,1,2,1,2,2,1,2,2,2,2,2,2,2,1
6343,32,8.0,1,3,4,5,2,2,1,3,2,8,23,1278,2,1,2,1,2,1,1,2,1,1,2,2,2,2,1,1,2
6343,56,4.0,1,3,4,5,2,2,1,1,1,2,2,127,1,2,2,2,2,1,2,2,1,1,2,2,2,2,1,2,2
6417,28,5.0,1,3,3,6,6,4,1,4,2,6,2,27,2,2,2,2,2,1,2,2,2,1,2,2,2,2,1,2,2
6421,45,4.0,1,3,4,4,1,2,1,1,1,2,2,1257,2,2,2,2,2,1,2,2,1,1,2,2,1,2,1,2,2
6483,81,6.0,1,3,4,6,1,1,1,6,3,6,2,127,2,2,2,2,2,1,2,2,1,1,2,2,2,2,1,2,2
6507,44,3.0,1,1,1,3,1,1,1,3,1,2,234,1237,1,2,2,2,2,1,1,1,1,1,1,2,2,2,1,2,2
6546,23,5.0,1,1,4,5,1,1,1,4,3,2,23,1256789,2,1,1,2,2,1,1,2,1,1,2,2,1,1,1,1,1
6546,36,6.0,1,1,1,5,1,1,1,3,3,2,23,1256789,2,1,2,2,2,1,1,2,1,1,2,2,1,1,1,1,1
6569,45,7.0,1,1,1,5,4,5,1,1,1,6,23,27,2,2,2,2,2,1,1,2,2,1,2,2,2,2,1,2,2
6569,47,6.0,1,6,4,5,4,3,1,9,5,2,23,12678,2,2,2,2,2,1,1,2,1,1,2,2,2,1,1,1,2
6584,57,6.0,1,6,4,6,1,3,1,4,3,6,2,9,2,1,2,2,2,1,2,2,2,2,2,2,2,2,2,2,1
6602,42,5.0,5,3,4,6,3,3,5,2,1,6,5,0,2,2,2,1,2,2,2,2,2,2,2,2,2,2,2,2,2
6602,42,4.0,5,3,4,6,3,3,5,2,1,6,5,0,2,2,2,1,2,2,2,2,2,2,2,2,2,2,2,2,2
6602,44,5.0,5,3,4,6,3,5,1,2,1,6,5,12,2,2,2,2,2,2,2,2,1,1,2,2,2,2,2,2,2
6621,94,5.0,1,3,3,6,1,5,1,4,2,6,2,127,2,2,2,2,2,1,2,2,1,1,2,2,2,2,1,2,2
6643,24,5.0,1,6,7,4,5,5,7,4,3,6,5,1,2,2,2,2,2,2,2,2,1,2,2,2,2,2,2,2,2
6651,55,4.0,1,3,4,6,5,5,1,2,1,6,2,27,2,1,2,2,2,1,2,2,2,1,2,2,2,2,1,2,2
6740,27,6.0,1,1,1,3,1,1,1,2,2,3,1234,2356789,2,2,2,2,1,1,1,1,2,1,1,2,1,1,1,1,1
6788,61,6.0,6,8,9,5,7,7,7,1,1,2,23,27,2,2,2,2,2,1,1,2,2,1,2,2,2,2,1,2,2
6792,91,4.0,1,8,4,6,1,1,1,1,1,2,23,25678,2,2,1,1,2,1,1,2,2,1,2,2,1,1,1,1,2
6798,63,5.0,1,1,5,5,1,1,1,6,6,2,234,27,1,2,2,2,2,1,1,1,2,1,2,2,2,2,1,2,2
6807,45,5.0,1,1,5,5,1,1,1,3,3,2,23,2467,2,2,2,2,2,1,1,2,2,1,2,1,2,1,1,2,2
6809,81,6.0,1,8,6,6,2,1,1,3,1,2,2,2678,2,2,1,2,2,1,2,2,2,1,2,2,2,1,1,1,2
6843,22,4.0,1,1,1,3,1,1,1,2,2,2,2,126789,2,2,2,2,2,1,2,2,1,1,2,2,2,1,1,1,1
6843,53,8.0,1,1,1,5,1,1,1,4,3,2,1234,123456789,2,1,2,2,1,1,1,1,1,1,1,1,1,1,1,1,1
6850,35,5.0,1,4,6,5,4,5,1,3,2,2,23,1279,2,1,2,2,2,1,1,2,1,1,2,2,2,2,1,2,1
6905,97,4.0,1,1,1,3,1,1,1,5,3,2,2,2456789,2,1,1,2,2,1,2,2,2,1,2,1,1,1,1,1,1
6960,98,99.0,1,1,4,5,1,1,1,5,4,2,23,1235678,2,1,2,1,2,1,1,2,1,1,1,2,1,1,1,1,2
6960,98,7.0,1,1,4,5,1,1,1,5,4,2,23,1235678,2,1,2,1,2,1,1,2,1,1,1,2,1,1,1,1,2
7033,42,6.0,1,3,3,6,1,5,1,1,1,2,2,17,2,2,2,2,2,1,2,2,1,2,2,2,2,2,1,2,2
7145,61,2.0,1,3,1,2,1,2,1,2,1,2,124,23456710,2,2,2,2,1,1,2,1,1,1,1,1,1,1,1,2,2
7145,97,5.0,1,3,4,6,2,2,1,2,2,2,2,25678,2,2,2,2,2,1,2,2,2,1,2,2,1,1,1,1,2
7158,13,4.0,1,1,1,5,1,1,1,1,1,2,2,27,2,2,2,2,2,1,2,2,2,1,2,2,2,2,1,2,2
7180,96,5.0,1,1,1,3,1,1,1,4,3,2,23,12456789,2,2,2,2,2,1,1,2,1,1,2,1,1,1,1,1,1
7207,42,4.0,1,1,5,5,1,1,1,3,1,2,2,2678,2,2,2,1,2,1,2,2,2,1,2,2,2,1,1,1,2
7207,86,3.0,1,1,1,5,1,1,1,3,1,2,1234,126789,1,1,2,2,1,1,1,1,1,1,2,2,2,1,1,1,1
7246,25,3.0,1,3,4,6,1,1,1,3,1,6,5,1,2,2,2,2,2,2,2,2,1,2,2,2,2,2,2,2,2
7246,60,4.0,1,3,4,6,5,3,1,3,2,6,2,12,2,1,2,2,2,1,2,2,1,1,2,2,2,2,2,2,2
7248,87,7.0,1,3,3,6,5,7,1,2,2,6,2,12,2,2,2,1,2,1,2,2,1,1,2,2,2,2,2,2,2
7248,88,99.0,1,3,3,6,7,5,1,3,3,6,2,127,2,2,2,1,2,1,2,2,1,1,2,2,2,2,1,2,2
7248,88,5.0,1,3,3,6,7,5,1,3,3,6,2,127,2,2,2,1,2,1,2,2,1,1,2,2,2,2,1,2,2
7279,76,99.0,1,3,4,6,2,3,7,2,1,6,5,1,2,2,2,2,2,2,2,2,1,2,2,2,2,2,2,2,2
7279,76,4.0,1,3,4,6,2,3,7,2,1,6,5,1,2,2,2,2,2,2,2,2,1,2,2,2,2,2,2,2,2
7302,23,5.0,1,1,1,5,1,1,1,5,4,2,2,256789,1,2,1,2,2,1,2,2,2,1,2,2,1,1,1,1,1
7333,8,99.0,1,1,1,5,1,1,1,1,1,2,2,7,2,2,2,2,2,1,2,2,2,2,2,2,2,2,1,2,2
7397,55,6.0,1,3,5,5,1,1,1,6,3,2,23,6789,2,2,2,2,2,1,1,2,2,2,2,2,2,1,1,1,1
7439,30,6.0,1,1,4,5,1,1,1,4,3,2,124,23789,2,1,2,2,1,1,2,1,2,1,1,2,2,2,1,1,1
7460,60,4.0,1,3,4,5,7,5,1,1,1,6,2,167,1,2,2,2,2,1,2,2,1,2,2,2,2,1,1,2,2
7529,60,6.0,1,1,1,3,1,1,1,4,2,2,23,2678,2,2,2,2,2,1,1,2,2,1,2,2,2,1,1,1,2
7529,80,5.0,1,1,4,5,1,1,1,3,2,2,1234,123456789,1,2,1,2,1,1,1,1,1,1,1,1,1,1,1,1,1
7541,23,3.0,1,1,1,3,1,1,1,2,2,3,2,27,2,2,2,2,2,1,2,2,2,1,2,2,2,2,1,2,2
7567,87,6.0,1,6,4,5,2,5,1,3,3,2,2,279,2,2,2,2,2,1,2,2,2,1,2,2,2,2,1,2,1
7818,44,5.0,1,1,1,5,1,1,1,5,3,2,1234,12345678,2,2,2,2,1,1,1,1,1,1,1,1,1,1,1,1,2
7888,80,4.0,4,1,1,3,1,1,1,5,3,2,234,123456789,2,2,1,2,2,1,1,1,1,1,1,1,1,1,1,1,1
7921,50,5.0,1,1,1,5,1,1,1,3,2,3,2,1267,1,2,2,2,2,1,2,2,1,1,2,2,2,1,1,2,2
7960,80,4.0,1,1,4,5,1,1,1,3,2,2,2,1256789,2,2,2,2,2,1,2,2,1,1,2,2,1,1,1,1,1
7977,31,6.0,1,1,1,3,1,1,1,5,4,2,1234,2345678,2,2,1,2,1,1,1,1,2,1,1,1,1,1,1,1,2
7992,38,8.0,1,3,5,5,1,1,1,5,3,2,1234,126789,2,2,1,2,1,1,1,1,1,1,2,2,2,1,1,1,1
8110,83,5.0,1,6,4,6,1,5,1,3,2,2,2,2678,2,2,2,1,2,1,2,2,2,1,2,2,2,1,1,1,2
8120,26,7.0,1,3,5,5,1,1,1,5,3,2,234,236789,2,2,2,1,2,1,1,1,2,1,1,2,2,1,1,1,1
8131,93,5.0,1,3,4,5,5,5,6,2,2,6,32,27,1,2,2,2,2,1,1,2,2,1,2,2,2,2,1,2,2
8188,47,4.0,1,6,4,4,6,5,1,1,1,2,23,26789,2,2,2,2,2,1,1,2,2,1,2,2,2,1,1,1,1
8188,96,4.0,1,6,4,4,6,5,1,3,2,2,2,267,2,2,2,2,2,1,2,2,2,1,2,2,2,1,1,2,2
8281,19,9.0,1,1,4,5,1,1,1,4,3,2,23,12378,2,1,2,2,2,1,1,2,1,1,1,2,2,2,1,1,2
8281,19,6.0,1,1,4,5,1,1,1,4,3,2,23,12378,2,1,2,2,2,1,1,2,1,1,1,2,2,2,1,1,2
8282,73,4.0,1,8,4,6,1,1,1,2,1,6,2,0,2,1,2,2,2,1,2,2,2,2,2,2,2,2,2,2,2
8305,49,8.0,1,6,4,5,7,1,1,3,2,6,2,127,2,2,2,2,2,1,2,2,1,1,2,2,2,2,1,2,2
8305,49,7.0,1,6,4,5,7,1,1,3,2,6,2,127,2,2,2,2,2,1,2,2,1,1,2,2,2,2,1,2,2
8307,39,99.0,5,6,7,4,3,5,6,2,2,6,2,0,2,2,2,2,2,1,2,2,2,2,2,2,2,2,2,2,2
8307,39,6.0,5,6,7,4,3,5,6,2,2,6,2,0,2,2,2,2,2,1,2,2,2,2,2,2,2,2,2,2,2
8315,46,5.0,1,6,4,4,5,5,1,2,1,6,2,27,2,2,2,1,2,1,2,2,2,1,2,2,2,2,1,2,2
8315,52,8.0,1,6,4,4,5,5,7,5,5,6,2,6,2,2,2,2,2,1,2,2,2,2,2,2,2,1,2,2,2
8317,3,99.0,1,6,4,4,5,5,1,1,1,6,2,2,2,2,2,1,2,1,2,2,2,1,2,2,2,2,2,2,2
8317,68,99.0,1,6,4,4,7,5,7,4,3,6,5,12,2,2,2,1,2,2,2,2,1,1,2,2,2,2,2,2,2
8317,68,7.0,1,6,4,4,7,5,7,4,3,6,5,12,2,2,2,1,2,2,2,2,1,1,2,2,2,2,2,2,2
8327,64,7.0,1,6,7,4,5,4,7,2,1,6,2,12,2,2,2,1,2,1,2,2,1,1,2,2,2,2,2,2,2
8327,68,5.0,1,6,4,6,5,7,7,2,1,6,5,0,2,2,2,1,2,2,2,2,2,2,2,2,2,2,2,2,2
8335,42,8.0,1,6,4,4,2,5,1,1,1,6,5,0,2,2,2,1,2,2,2,2,2,2,2,2,2,2,2,2,2
8335,42,7.0,1,6,4,4,2,5,1,1,1,6,5,0,2,2,2,1,2,2,2,2,2,2,2,2,2,2,2,2,2
8342,37,7.0,1,6,4,4,5,7,1,2,2,6,3,2,2,2,2,1,2,2,1,2,2,1,2,2,2,2,2,2,2
8368,55,5.0,1,1,4,5,1,1,1,2,2,2,234,123456789,2,1,2,2,2,1,1,1,1,1,1,1,1,1,1,1,1
8461,34,3.0,1,8,4,6,7,5,5,1,1,2,2,7,2,2,2,2,2,1,2,2,2,2,2,2,2,2,1,2,2
8478,52,4.0,1,1,1,3,1,1,1,5,3,2,1234,12356789,2,2,1,2,1,1,1,1,1,1,1,2,1,1,1,1,1
8615,82,6.0,1,1,4,4,1,1,1,3,3,2,2,2356789,2,2,2,2,2,1,2,2,2,1,1,2,1,1,1,1,1
8615,93,6.0,1,1,4,5,7,7,7,1,1,2,2,267,2,2,2,2,2,1,2,2,2,1,2,2,2,1,1,2,2
8686,27,4.0,1,6,2,4,2,5,1,1,1,2,5,27,2,2,2,2,2,2,2,2,2,1,2,2,2,2,1,2,2
8694,61,5.0,1,3,4,6,7,4,1,3,2,6,2,279,2,2,2,2,2,1,2,2,2,1,2,2,2,2,1,2,1
8707,82,5.0,1,8,4,6,5,5,7,3,2,8,2,1,2,1,2,1,2,1,2,2,1,2,2,2,2,2,2,2,2
8729,65,4.0,1,6,4,5,7,3,1,3,2,2,23,67,2,2,2,2,2,1,1,2,2,2,2,2,2,1,1,2,2
8729,67,6.0,1,6,4,5,7,3,1,3,2,6,3,127,2,2,2,2,2,2,1,2,1,1,2,2,2,2,1,2,2
8756,64,7.0,1,1,4,5,1,1,1,3,2,2,1234,2346789,2,1,1,2,1,1,1,1,2,1,1,1,2,1,1,1,1
8793,47,5.0,1,1,1,1,1,1,1,5,3,2,1234,235678,1,2,1,2,1,1,1,1,2,1,1,2,1,1,1,1,2
8811,31,99.0,1,6,4,5,1,1,1,4,3,2,23,27,1,2,2,2,2,1,1,2,2,1,2,2,2,2,1,2,2
8811,31,8.0,1,6,4,5,1,1,1,4,3,2,23,27,1,2,2,2,2,1,1,2,2,1,2,2,2,2,1,2,2
8831,57,4.0,1,7,4,6,2,2,1,1,1,5,2,0,2,2,2,2,2,1,2,2,2,2,2,2,2,2,2,2,2
8857,71,5.0,1,3,4,6,7,5,1,3,2,6,2,278,2,2,2,2,2,1,2,2,2,1,2,2,2,2,1,1,2
8900,7,99.0,1,1,4,6,1,7,1,2,1,2,2,127,2,2,2,2,2,1,2,2,1,1,2,2,2,2,1,2,2
8900,95,8.0,1,7,5,6,7,7,5,1,1,5,2,0,2,2,2,2,2,1,2,2,2,2,2,2,2,2,2,2,2
8013,39,7.0,1,1,1,5,1,1,1,5,3,2,1234,23456789,2,2,1,1,1,1,1,1,2,1,1,1,1,1,1,1,1
8918,91,7.0,1,8,4,6,6,5,1,5,4,6,2,1267,2,2,2,1,2,1,2,2,1,1,2,2,2,1,1,2,2
8965,38,4.0,2,1,1,1,1,1,1,5,4,2,1234,123456789,2,2,1,2,1,1,1,1,1,1,1,1,1,1,1,1,1
9024,51,5.0,1,1,1,5,1,1,1,1,1,2,2,178,2,2,2,2,2,1,2,2,1,2,2,2,2,2,1,1,2
9054,65,7.0,1,3,4,6,4,5,1,3,2,8,2,1,1,2,2,2,2,1,2,2,1,2,2,2,2,2,2,2,2
9054,86,5.0,1,3,4,6,4,5,1,2,1,8,2,1,1,2,2,2,2,1,2,2,1,2,2,2,2,2,2,2,2
9063,71,6.0,1,3,7,6,4,5,1,2,2,8,2,1,1,1,2,2,2,1,2,2,1,2,2,2,2,2,2,2,2
9073,40,6.0,1,3,4,6,4,5,1,2,1,8,2,1,2,2,2,2,2,1,2,2,1,2,2,2,2,2,2,2,2
9173,93,5.0,1,3,4,6,1,1,1,5,2,2,23,267,2,2,2,2,2,1,1,2,2,1,2,2,2,1,1,2,2
9184,22,3.0,1,4,4,6,1,5,1,1,1,2,5,27,2,2,2,2,2,2,2,2,2,1,2,2,2,2,1,2,2
9194,73,5.0,1,6,4,6,5,4,1,3,2,6,2,127,2,2,2,2,2,1,2,2,1,1,2,2,2,2,1,2,2
9232,99,4.0,1,3,4,3,1,1,1,3,2,2,234,23456789,2,1,2,2,2,1,1,1,2,1,1,1,1,1,1,1,1
9233,32,4.0,1,1,1,2,1,1,1,4,3,2,1234,2356789,1,1,2,2,1,1,1,1,2,1,1,2,1,1,1,1,1
9249,39,7.0,1,3,4,6,3,5,1,2,2,2,2,7,2,2,2,2,2,1,2,2,2,2,2,2,2,2,1,2,2
9272,76,5.0,1,3,4,6,1,2,1,1,1,2,23,267,2,1,2,2,2,1,1,2,2,1,2,2,2,1,1,2,2
9274,43,6.0,1,4,4,5,1,1,1,2,1,2,23,12578,2,2,2,2,2,1,1,2,1,1,2,2,1,2,1,1,2
9317,78,4.0,1,1,1,3,1,1,1,3,2,2,23,4578,2,2,2,2,2,1,1,2,2,2,2,1,1,2,1,1,2
9337,9,99.0,1,6,4,5,1,1,1,2,1,2,2,257,2,2,2,2,2,1,2,2,2,1,2,2,1,2,1,2,2
9338,58,5.0,1,1,3,1,1,1,2,2,2,2,124,123456789,2,2,2,2,1,1,2,1,1,1,1,1,1,1,1,1,1
9342,58,7.0,1,1,1,3,1,1,1,2,1,2,1234,123456789,2,2,1,2,1,1,1,1,1,1,1,1,1,1,1,1,1
9400,41,6.0,1,1,4,6,3,5,1,2,1,2,2,127,2,2,2,2,2,1,2,2,1,1,2,2,2,2,1,2,2
9445,30,6.0,1,3,4,6,1,1,1,3,3,2,2,17,2,1,2,2,2,1,2,2,1,2,2,2,2,2,1,2,2
9450,83,6.0,1,8,4,6,6,7,1,3,3,2,2,2567,1,2,2,2,2,1,2,2,2,1,2,2,1,1,1,2,2
9450,85,2.0,1,8,4,5,6,5,1,1,1,2,23,267,2,2,2,2,2,1,1,2,2,1,2,2,2,1,1,2,2
9478,63,6.0,1,1,4,5,1,1,1,3,2,2,23,1256789,2,1,2,2,2,1,1,2,1,1,2,2,1,1,1,1,1
9508,62,6.0,1,1,1,3,1,1,1,4,2,2,234,1234689,1,2,2,2,2,1,1,1,1,1,1,1,2,1,2,1,1
9568,21,4.0,1,3,4,5,1,1,1,3,2,2,2,2678,2,1,2,2,2,1,2,2,2,1,2,2,2,1,1,1,2
9601,10,8.0,1,3,4,6,2,5,1,4,3,6,2,167,2,1,2,2,2,1,2,2,1,2,2,2,2,1,1,2,2
9601,10,7.0,1,3,4,6,2,5,1,4,3,6,2,167,2,1,2,2,2,1,2,2,1,2,2,2,2,1,1,2,2
9607,55,4.0,1,6,4,5,1,2,1,4,3,2,2,12356789,2,1,2,2,2,1,2,2,1,1,1,2,1,1,1,1,1
9639,33,4.0,1,1,4,5,1,1,1,4,2,2,1234,25678,2,1,2,2,1,1,1,1,2,1,2,2,1,1,1,1,2
9695,97,6.0,1,1,4,2,1,1,1,2,1,2,23,2789,2,1,2,2,2,1,1,2,2,1,2,2,2,2,1,1,1
9735,50,5.0,1,6,4,4,1,5,1,5,2,2,23,12679,2,1,2,2,2,1,1,2,1,1,2,2,2,1,1,2,1
9827,29,5.0,1,2,4,3,1,1,1,4,2,2,2,123678,1,2,2,2,2,1,2,2,1,1,1,2,2,1,1,1,2
10012,63,7.0,1,1,1,3,1,1,1,5,4,2,1234,236789,1,1,2,1,1,1,1,1,2,1,1,2,2,1,1,1,1
10060,52,4.0,1,3,4,6,1,5,1,4,3,2,2,127,2,2,2,2,2,1,2,2,1,1,2,2,2,2,1,2,2
10111,55,5.0,1,1,2,5,7,3,1,3,1,2,23,267,2,2,2,2,2,1,1,2,2,1,2,2,2,1,1,2,2
10122,30,6.0,1,1,5,5,1,1,1,3,3,2,2,26789,1,2,2,2,2,1,2,2,2,1,2,2,2,1,1,1,1
10210,45,3.0,1,6,4,5,1,1,1,2,1,2,23,1245678,2,2,2,2,2,1,1,2,1,1,2,1,1,1,1,1,2
10323,48,7.0,1,1,4,5,1,4,1,4,3,2,234,236789,1,1,2,2,2,1,1,1,2,1,1,2,2,1,1,1,1
10327,90,6.0,1,3,4,6,7,4,1,2,2,2,5,1278,2,2,2,2,2,2,2,2,1,1,2,2,2,2,1,1,2
10327,91,99.0,1,3,4,6,7,4,1,4,3,6,2,17,2,2,2,2,2,1,2,2,1,2,2,2,2,2,1,2,2
10327,91,7.0,1,3,4,6,7,4,1,4,3,6,2,17,2,2,2,2,2,1,2,2,1,2,2,2,2,2,1,2,2
10359,30,5.0,1,6,4,5,2,5,1,1,1,2,23,25678,2,1,2,2,2,1,1,2,2,1,2,2,1,1,1,1,2
10380,11,7.0,1,6,4,5,1,1,1,5,3,2,234,12789,2,2,2,2,2,1,1,1,1,1,2,2,2,2,1,1,1
10380,55,5.0,1,1,4,5,1,1,1,4,2,6,24,256789,2,2,2,2,2,1,2,1,2,1,2,2,1,1,1,1,1
5013,139,6.0,1,3,1,5,1,1,1,5,4,2,234,123456789,2,2,2,2,2,1,1,1,1,1,1,1,1,1,1,1,1
5074,160,99.0,1,6,7,6,4,5,7,1,1,6,5,0,2,2,2,1,2,2,2,2,2,2,2,2,2,2,2,2,2
5074,160,6.0,1,6,7,6,4,5,7,1,1,6,5,0,2,2,2,1,2,2,2,2,2,2,2,2,2,2,2,2,2
5074,80,99.0,1,6,7,4,5,7,6,1,1,6,5,0,2,2,2,2,2,2,2,2,2,2,2,2,2,2,2,2,2
5241,106,4.0,1,7,5,6,4,5,1,1,1,2,23,279,2,2,2,2,2,1,1,2,2,1,2,2,2,2,1,2,1
5286,103,5.0,1,3,4,5,1,1,1,7,5,6,2,127,2,2,2,2,2,1,2,2,1,1,2,2,2,2,1,2,2
5435,208,4.0,1,3,3,6,1,1,1,3,3,6,2,17,2,2,2,2,2,1,2,2,1,2,2,2,2,2,1,2,2
5451,132,4.0,1,3,4,6,2,2,1,3,1,6,2,17,2,2,2,2,2,1,2,2,1,2,2,2,2,2,1,2,2
5567,100,4.0,1,1,1,5,1,1,1,2,2,2,2,12789,2,2,1,2,2,1,2,2,1,1,2,2,2,2,1,1,1
5785,244,4.0,1,3,3,6,5,5,1,4,2,6,2,0,2,1,2,2,2,1,2,2,2,2,2,2,2,2,2,2,2
5785,250,6.0,1,3,3,5,5,4,1,3,2,6,2,12678,2,1,2,2,2,1,2,2,1,1,2,2,2,1,1,1,2
5810,129,5.0,1,3,4,6,1,5,1,3,1,8,2,0,2,2,2,2,2,1,2,2,2,2,2,2,2,2,2,2,2
5933,112,6.0,1,5,4,6,7,5,1,3,3,6,5,12,2,2,2,1,2,2,2,2,1,1,2,2,2,2,2,2,2
5938,138,5.0,1,2,4,6,2,4,1,5,3,6,2,0,1,1,2,2,2,1,2,2,2,2,2,2,2,2,2,2,2
5978,159,5.0,1,3,4,6,1,5,1,3,2,6,23,278,2,1,2,1,2,1,1,2,2,1,2,2,2,2,1,1,2
6065,45,99.0,1,6,4,5,2,2,1,3,2,2,2,236789,2,1,2,2,2,1,2,2,2,1,1,2,2,1,1,1,1
6092,139,4.0,1,4,2,5,1,1,1,2,1,2,2,2579,2,1,2,2,2,1,2,2,2,1,2,2,1,2,1,2,1
6141,110,4.0,1,1,4,5,1,1,1,2,2,2,2,125678,1,2,2,2,2,1,2,2,1,1,2,2,1,1,1,1,2
6195,68,99.0,1,1,1,3,1,1,1,3,2,2,23,1279,2,2,2,2,2,1,1,2,1,1,2,2,2,2,1,2,1
6207,110,4.0,1,3,3,4,1,1,1,1,1,2,1234,12378,1,2,2,2,1,1,1,1,1,1,1,2,2,2,1,1,2
6298,107,3.0,1,3,3,6,7,3,1,3,2,6,123,1267,1,2,2,2,1,1,1,2,1,1,2,2,2,1,1,2,2
6417,181,6.0,1,3,5,6,1,1,1,4,2,6,2,1,2,2,2,2,2,1,2,2,1,2,2,2,2,2,2,2,2
6483,225,6.0,1,3,4,5,2,5,1,3,3,6,2,0,2,1,2,2,2,1,2,2,2,2,2,2,2,2,2,2,2
6569,137,4.0,1,6,4,5,4,5,1,2,1,2,3,127,2,1,2,2,2,2,1,2,1,1,2,2,2,2,1,2,2
6572,114,99.0,1,3,7,6,2,5,1,5,4,6,2,1,1,2,2,2,2,1,2,2,1,2,2,2,2,2,2,2,2
6572,114,8.0,1,3,7,6,2,5,1,5,4,6,2,1,1,2,2,2,2,1,2,2,1,2,2,2,2,2,2,2,2
6572,118,5.0,1,3,4,6,2,5,1,3,2,6,2,1,2,2,2,2,2,1,2,2,1,2,2,2,2,2,2,2,2
6713,112,4.0,1,1,1,3,1,1,1,2,1,2,1234,12345789,2,2,2,2,1,1,1,1,1,1,1,1,1,2,1,1,1
6740,108,3.0,1,1,1,5,1,1,5,2,1,3,2,2,2,2,2,2,2,1,2,2,2,1,2,2,2,2,2,2,2
6788,146,4.0,1,7,5,5,2,2,1,1,1,2,23,12578,2,2,2,2,2,1,1,2,1,1,2,2,1,2,1,1,2
6866,81,99.0,1,3,5,5,4,5,1,2,1,2,2,12378,2,1,2,2,2,1,2,2,1,1,1,2,2,2,1,1,2
7041,301,5.0,1,3,3,5,7,1,1,5,5,2,23,23456789,2,1,1,2,2,1,1,2,2,1,1,1,1,1,1,1,1
7087,126,5.0,1,1,1,5,1,1,1,4,3,2,2,236788,1,2,2,2,2,1,2,2,2,1,1,2,2,1,1,1,2
7108,101,5.0,1,3,4,5,1,1,1,3,2,3,124,1235678,1,2,2,2,1,1,2,1,1,1,1,2,1,1,1,1,2
7145,115,3.0,1,3,4,6,1,1,1,1,1,2,2,278,2,2,2,2,2,1,2,2,2,1,2,2,2,2,1,1,2
7182,89,99.0,1,1,3,3,1,1,1,5,3,2,1234,123456789,1,1,1,2,1,1,1,1,1,1,1,1,1,1,1,1,1
7208,112,4.0,1,1,1,5,1,1,1,1,1,2,2,278,2,2,2,2,2,1,2,2,2,1,2,2,2,2,1,1,2
7236,196,7.0,1,1,4,6,1,5,1,4,3,2,23,126789,2,2,2,1,2,1,1,2,1,1,2,2,2,1,1,1,1
7326,109,5.0,1,1,1,3,1,1,1,4,3,2,1234,23456789,2,1,2,2,1,1,1,1,2,1,1,1,1,1,1,1,1
7339,136,7.0,1,1,1,3,1,1,1,3,2,2,234,2678,2,2,2,2,2,1,1,1,2,1,2,2,2,1,1,1,2
7442,373,5.0,1,3,4,6,1,5,1,2,1,2,2,1267,1,2,2,2,2,1,2,2,1,1,2,2,2,1,1,2,2
7443,165,9.0,1,3,4,6,2,5,1,3,2,6,2,12,2,2,2,2,2,1,2,2,1,1,2,2,2,2,2,2,2
7446,127,99.0,1,3,6,3,2,3,1,6,4,2,2,2789,2,2,2,2,2,1,2,2,2,1,2,2,2,2,1,1,1
7446,127,8.0,1,3,6,3,2,3,1,6,4,2,2,2789,2,2,2,2,2,1,2,2,2,1,2,2,2,2,1,1,1
7564,29,99.0,1,1,1,3,1,1,1,3,2,2,23,1245678,2,2,2,2,2,1,1,2,1,1,2,1,1,1,1,1,2
7571,152,4.0,1,1,1,5,2,2,1,1,1,2,2,27,2,2,2,2,2,1,2,2,2,1,2,2,2,2,1,2,2
7605,104,4.0,1,6,4,5,1,1,1,5,4,2,1234,23456789,2,2,1,2,1,1,1,1,2,1,1,1,1,1,1,1,1
8034,114,7.0,1,1,4,5,1,1,1,4,2,1,123,1256789,2,2,2,2,1,1,1,2,1,1,2,2,1,1,1,1,1
8188,128,9.0,1,6,4,4,6,5,1,4,4,2,23,2679,2,2,2,2,2,1,1,2,2,1,2,2,2,1,1,2,1
8201,157,3.0,1,1,4,5,1,1,1,3,1,2,23,1235678,2,1,2,2,2,1,1,2,1,1,1,2,1,1,1,1,2
8201,175,6.0,3,1,4,5,1,1,1,2,2,2,23,279,2,1,2,2,2,1,1,2,2,1,2,2,2,2,1,2,1
8217,79,99.0,1,1,4,5,1,1,1,2,2,2,2,2678,2,2,2,1,2,1,2,2,2,1,2,2,2,1,1,1,2
8238,122,99.0,1,1,4,4,1,1,1,4,3,6,23,256,2,1,2,2,2,1,1,2,2,1,2,2,1,1,2,2,2
8238,122,4.0,1,1,4,4,1,1,1,4,3,6,23,256,2,1,2,2,2,1,1,2,2,1,2,2,1,1,2,2,2
8245,102,6.0,1,1,4,5,1,1,1,4,3,2,1234,1235678,2,1,2,1,1,1,1,1,1,1,1,2,1,1,1,1,2
8281,76,99.0,1,6,4,6,4,3,1,3,2,6,23,27,1,1,2,2,2,1,1,2,2,1,2,2,2,2,1,2,2
8307,114,7.0,5,6,4,4,3,5,6,4,4,2,23,127,1,2,2,2,2,1,1,2,1,1,2,2,2,2,1,2,2
8318,100,8.0,1,8,7,7,5,7,7,1,1,6,5,9,2,2,2,1,2,2,2,2,2,2,2,2,2,2,2,2,1
8327,66,10.0,1,6,7,6,5,5,7,1,1,6,2,1,2,2,2,1,2,1,2,2,1,2,2,2,2,2,2,2,2
8330,106,7.0,1,6,4,5,1,6,1,3,2,6,23,127,2,1,2,2,2,1,1,2,1,1,2,2,2,2,1,2,2
8335,136,7.0,1,6,7,4,5,7,1,2,2,6,2,0,2,2,2,1,2,1,2,2,2,2,2,2,2,2,2,2,2
8335,137,6.0,1,6,7,4,5,7,1,2,2,6,2,0,2,2,2,1,2,1,2,2,2,2,2,2,2,2,2,2,2
8440,199,3.0,1,1,4,5,2,2,1,1,1,2,2,79,2,2,2,2,2,1,2,2,2,2,2,2,2,2,1,2,1
8509,142,5.0,1,1,1,5,1,1,1,5,3,2,2,1245678,2,2,2,2,2,1,2,2,1,1,2,1,1,1,1,1,2
8596,102,9.0,1,3,4,6,1,4,1,2,1,2,2,7,2,1,2,2,2,1,2,2,2,2,2,2,2,2,1,2,2
8671,123,6.0,1,2,4,4,1,1,1,2,1,2,234,123789,1,1,1,2,2,1,1,1,1,1,1,2,2,2,1,1,1
8671,36,99.1,1,1,4,4,2,2,1,2,1,2,2,2379,2,1,2,2,2,1,2,2,2,1,1,2,2,2,1,2,1
8671,36,99.2,1,1,4,4,2,2,1,2,1,2,2,2379,2,1,2,2,2,1,2,2,2,1,1,2,2,2,1,2,1
8757,108,5.0,2,1,1,3,4,1,1,4,2,2,23,12356789,2,2,2,2,2,1,1,2,1,1,1,2,1,1,1,1,1
8770,114,99.0,1,1,4,5,1,1,1,1,1,2,2,12,2,2,2,2,2,1,2,2,1,1,2,2,2,2,2,2,2
8770,114,3.0,1,1,4,5,1,1,1,1,1,2,2,12,2,2,2,2,2,1,2,2,1,1,2,2,2,2,2,2,2
8846,129,4.0,1,1,1,5,1,1,1,4,3,2,2,12789,2,1,2,2,2,1,2,2,1,1,2,2,2,2,1,1,1
8916,135,6.0,1,3,4,6,5,4,1,3,2,6,2,1,2,2,2,2,2,1,2,2,1,2,2,2,2,2,2,2,2
8918,220,4.0,1,8,4,6,5,5,1,2,1,5,2,167,2,1,2,2,2,1,2,2,1,2,2,2,2,1,1,2,2
9188,120,4.0,1,1,4,6,2,5,1,2,1,6,23,7,2,2,2,2,2,1,1,2,2,2,2,2,2,2,1,2,2
9258,55,99.0,1,1,4,5,1,1,1,3,2,2,23,123456789,2,1,2,2,2,1,1,2,1,1,1,1,1,1,1,1,1
9286,108,4.0,1,6,7,6,7,5,5,1,1,6,2,17,2,2,2,1,2,1,2,2,1,2,2,2,2,2,1,2,2
9286,114,5.0,1,6,4,6,5,5,7,1,1,6,2,1,2,1,2,2,2,1,2,2,1,2,2,2,2,2,2,2,2
9342,127,6.0,1,1,1,2,1,1,1,4,3,2,23,25678,2,2,1,2,2,1,1,2,2,1,2,2,1,1,1,1,2
9507,49,5.0,1,1,1,3,1,1,1,3,2,2,23,123489,1,2,2,2,2,1,1,2,1,1,1,1,2,2,2,1,1
9639,88,99.0,1,6,4,6,1,1,1,4,3,2,23,2679,2,2,2,2,2,1,1,2,2,1,2,2,2,1,1,2,1
9650,55,99.0,1,6,4,5,1,1,1,1,1,2,23,25678,2,2,2,2,2,1,1,2,2,1,2,2,1,1,1,1,2
9659,116,5.0,1,6,4,5,1,1,1,4,3,2,24,123456789,2,2,2,1,2,1,2,1,1,1,1,1,1,1,1,1,1
9684,109,6.0,1,6,4,5,1,5,1,4,3,6,2,2689,2,2,2,2,2,1,2,2,2,1,2,2,2,1,2,1,1
9719,170,4.0,1,6,4,6,1,2,1,3,1,2,23,2678,2,1,2,2,2,1,1,2,2,1,2,2,2,1,1,1,2
9731,130,3.0,1,1,4,5,1,5,1,1,1,2,23,23678,2,1,2,2,2,1,1,2,2,1,1,2,2,1,1,1,2
9740,133,7.0,1,6,4,4,4,5,1,3,2,6,2,128,2,2,2,2,2,1,2,2,1,1,2,2,2,2,2,1,2
9740,135,4.0,1,6,7,4,1,3,1,1,1,2,23,1267,2,1,2,2,2,1,1,2,1,1,2,2,2,1,1,2,2
9740,55,99.0,1,6,4,4,7,7,1,1,1,6,3,126,2,1,2,2,2,2,1,2,1,1,2,2,2,1,2,2,2
9770,117,6.0,1,6,7,4,4,7,7,2,1,6,2,0,2,2,2,1,2,1,2,2,2,2,2,2,2,2,2,2,2
9820,19,99.0,1,6,2,5,1,1,1,3,2,2,2,12678,2,2,2,2,2,1,2,2,1,1,2,2,2,1,1,1,2
10060,132,4.0,1,3,4,6,1,1,1,2,1,2,2,127,2,2,2,2,2,1,2,2,1,1,2,2,2,2,1,2,2
10122,114,9.0,1,7,6,6,1,1,1,7,5,2,2,278,2,2,2,2,2,1,2,2,2,1,2,2,2,2,1,1,2
10150,83,99.0,1,6,4,5,5,5,1,3,3,6,5,126,2,2,2,2,2,2,2,2,1,1,2,2,2,1,2,2,2
10175,113,4.0,1,3,4,5,7,1,1,3,1,2,23,256789,2,2,2,2,2,1,1,2,2,1,2,2,1,1,1,1,1
10176,137,4.0,1,3,4,6,1,1,1,3,2,2,2,1278,1,2,2,2,2,1,2,2,1,1,2,2,2,2,1,1,2
10254,157,4.0,1,1,1,5,1,1,1,6,3,2,23,12456789,2,2,2,2,2,1,1,2,1,1,2,1,1,1,1,1,1
10359,133,6.0,1,6,4,5,4,5,1,2,1,6,2,27,2,2,2,1,2,1,2,2,2,1,2,2,2,2,1,2,2
10371,101,3.0,1,1,4,5,1,1,1,2,2,2,2,1236789,2,2,2,2,2,1,2,2,1,1,1,2,2,1,1,1,1
5392,168,99.0,1,3,4,6,1,2,1,3,3,6,2,12,2,2,2,2,2,1,2,2,1,1,2,2,2,2,2,2,2
6569,127,99.0,1,1,4,5,4,5,1,1,1,2,23,2467,2,2,2,2,2,1,1,2,2,1,2,1,2,1,1,2,2
7241,214,99.0,1,3,4,6,5,5,1,2,1,2,2,279,2,2,2,2,2,1,2,2,2,1,2,2,2,2,1,2,1
7541,123,99.0,1,1,1,3,1,1,1,5,3,3,2,1235678,2,2,2,2,2,1,2,2,1,1,1,2,1,1,1,1,2
9040,138,99.0,1,3,4,6,2,4,1,3,2,2,2,7,2,1,2,2,2,1,2,2,2,2,2,2,2,2,1,2,2
9719,109,99.0,1,6,4,5,1,5,1,2,1,2,23,12678,2,2,2,1,2,1,1,2,1,1,2,2,2,1,1,1,2
10122,114,11.0,1,7,6,6,1,1,1,7,5,2,2,278,2,2,2,2,2,1,2,2,2,1,2,2,2,2,1,1,2
10183,117,99.0,1,3,5,5,2,6,1,1,1,2,2,78,2,2,2,2,2,1,2,2,2,2,2,2,2,2,1,1,2
